id_departamento,nro_conabip,provincia,fecha_fundacion,mail
6854,938,Buenos Aires,1922-10-02,
6588,200,Buenos Aires,1980-01-01,
6588,1850,Buenos Aires,1933-10-12,
6007,88,Buenos Aires,1912-08-23,
6007,1278,Buenos Aires,1925-01-01,ccibiblio@hotmail.com
6014,1062,Buenos Aires,1925-05-10,bipobrchaves@yahoo.com.ar
6014,2170,Buenos Aires,1942-11-30,barrerabp@hotmail.com
6021,1554,Buenos Aires,1925-01-01,eleana_1983@hotmail.com
6028,90,Buenos Aires,1918-08-01,
6028,4001,Buenos Aires,1999-08-28,
6028,3792,Buenos Aires,1980-01-01,bpmgandhi@tutopia.com
6028,2870,Buenos Aires,1969-03-22,bibliorojaspaz@gmail.com
6028,3952,Buenos Aires,1998-05-16,bib_manuelbelgrano_glew@yahoo.com.ar
6028,4260,Buenos Aires,2007-11-16,neanvi@yahoo.com.ar
6028,2982,Buenos Aires,1956-03-11,bibmfierro@yahoo.com.ar
6028,3841,Buenos Aires,1999-12-10,atahualpa1999@gmail.com
6427,3950,Buenos Aires,1980-01-01,
6035,2296,Buenos Aires,1932-03-01,bibpopularmitre@yahoo.com.ar
6035,2543,Buenos Aires,1940-06-28,bjmarmol@yahoo.com.ar
6035,3063,Buenos Aires,2001-09-15,spebpop@gmail.com
6035,3561,Buenos Aires,1996-05-07,bipopalacios@yahoo.com.ar
6035,3824,Buenos Aires,1919-12-22,bpmavellaneda@hotmail.com
6035,4136,Buenos Aires,1980-01-01,bibliotecabravo@yahoo.com.ar
6035,3908,Buenos Aires,1998-04-24,bibliotecapopulardocksud@gmail.com
6035,252,Buenos Aires,1918-10-10,punkyflores69@hotmail.com
6035,4086,Buenos Aires,2002-06-02,
6035,217,Buenos Aires,1921-10-28,
6035,3719,Buenos Aires,1987-07-24,bibliotecapopularpteavellaneda@yahoo.com.ar
6035,4192,Buenos Aires,1980-01-01,bsfsarmiento1925@yahoo.com.ar
6035,3051,Buenos Aires,1985-09-13,bnicolasavellaneda@yahoo.com.ar
6035,911,Buenos Aires,1922-05-14,
6035,4265,Buenos Aires,2008-07-09,bibliotecapopularoscarsmith@yahoo.com
6042,3193,Buenos Aires,,
6049,83,Buenos Aires,,info@bibliotecaronco.com.ar
6049,111,Buenos Aires,1918-05-26,
6049,2068,Buenos Aires,1939-01-06,bibliochillar@yahoo.com.ar
6056,100,Buenos Aires,,abrbp@abrbp.org.ar
6056,1663,Buenos Aires,1922-04-10,bibliotecabmitre@yahoo.com.ar
6056,2790,Buenos Aires,1960-09-27,
6056,3392,Buenos Aires,1980-01-01,
6056,3587,Buenos Aires,1980-01-01,bibliotecamallea@yahoo.com.ar
6056,3795,Buenos Aires,1996-11-20,bpggbb@yahoo.com.ar
6056,3929,Buenos Aires,2000-09-16,biblioteca_rosariosur@yahoo.com.ar
6056,4022,Buenos Aires,1996-04-13,bibpopgabmistral@yahoo.com.ar
6056,4137,Buenos Aires,1980-01-01,simonrodriguezbiblioteca@gmail.com
6056,4155,Buenos Aires,1980-01-01,biblioduprat@gmail.com
6056,4256,Buenos Aires,2006-04-24,bibliotecamartinallica@yahoo.com.ar
6056,2871,Buenos Aires,1963-06-01,
6056,2841,Buenos Aires,1966-11-10,
6056,1465,Buenos Aires,1925-08-24,bibliomarianomorenoiw@gmail.com
6056,3132,Buenos Aires,1989-12-29,bibliotecapronsato@yahoo.com.ar
6063,1021,Buenos Aires,1923-12-01,bibliotecapizzurno@yahoo.com.ar
6070,1469,Buenos Aires,,
6070,2159,Buenos Aires,1919-10-05,
6070,3718,Buenos Aires,1980-01-01,
6077,2688,Buenos Aires,1939-04-22,bibmitre@yahoo.com.ar
6084,2723,Buenos Aires,1946-12-26,bipopbernaltorres@gmail.com
6091,1280,Buenos Aires,1924-08-04,bpmbelgrano@hotmail.com
6091,3046,Buenos Aires,1986-11-04,bibliotecapadremugica@hotmail.com
6091,4075,Buenos Aires,2002-09-21,bibliotecapopularjmgutierrez@hotmail.com
6091,3033,Buenos Aires,1984-05-12,bibliotecadeplatanos@yahoo.com.ar
6091,4169,Buenos Aires,1980-01-01,ranelaghbibliocampo@yahoo.com.ar
6098,1864,Buenos Aires,1935-07-09,bibliopopularpestalozzi@gmail.com
6098,2082,Buenos Aires,1944-06-11,
6098,2473,Buenos Aires,1949-02-02,bibliotecaguiraldes@yahoo.com.ar
6098,2490,Buenos Aires,1943-06-06,
6098,2492,Buenos Aires,1980-01-01,
6098,3692,Buenos Aires,1995-06-10,pascualruberto@hotmail.com
6098,2318,Buenos Aires,1947-06-20,
6105,93,Buenos Aires,1911-12-15,bib_rivadavia@yahoo.com.ar
6105,1478,Buenos Aires,1926-05-26,cultural_07@yahoo.com.ar
6105,3801,Buenos Aires,1972-07-08,
6105,1769,Buenos Aires,1933-07-21,bpurdampilleta@yahoo.com.ar
6112,2191,Buenos Aires,1943-12-03,bbelgrano@yahoo.com.ar
6112,3749,Buenos Aires,1997-07-31,
6112,1857,Buenos Aires,1926-05-01,
6021,2135,Buenos Aires,1940-06-01,bpjimechita@live.com.ar
6112,4142,Buenos Aires,1980-01-01,bpjiwarnes@yahoo.com.ar
6119,1676,Buenos Aires,1932-05-25,
6119,4166,Buenos Aires,1980-01-01,gallardosandra@hotmail.com
6119,4024,Buenos Aires,2002-03-22,
6126,3468,Buenos Aires,1992-09-08,bibliotecatraverso@yahoo.com.ar
6134,1266,Buenos Aires,1927-07-01,bibliotecapopulardfsarmiento@hotmail.com
6134,3900,Buenos Aires,1980-01-01,sanestebanbibliotecapopular@yahoo.com.ar <SANESTEBANBIBLIOTECAPOPULAR@YAHOO.COM.AR>
6140,1002,Buenos Aires,1923-05-21,bpalmafuerte@hotmail.com
6147,2861,Buenos Aires,1963-09-07,biblioingenieros@gmail.com
6147,4289,Buenos Aires,2009-02-28,biblioellibroalegre@hotmail.com.ar
6147,3045,Buenos Aires,1984-12-01,
6154,268,Buenos Aires,1916-10-28,bibliotejedor@yahoo.com.ar
6154,258,Buenos Aires,1920-09-26,sanjose@servicoopsa.com.ar
6161,270,Buenos Aires,1914-09-08,bibliocada@yahoo.com.ar
6168,2264,Buenos Aires,1940-04-24,biblicast@yahoo.com.ar
6210,1381,Buenos Aires,1907-01-01,
6210,222,Buenos Aires,1920-01-01,
6218,113,Buenos Aires,,bpsarmiento113@yahoo.com.ar
6218,3038,Buenos Aires,1982-09-25,biblovillalujan@hotmail.com
6218,3189,Buenos Aires,1986-02-13,biblioteka_jso@yahoo.com
6218,3631,Buenos Aires,1994-10-07,labiblioamb@hotmail.com
6218,3890,Buenos Aires,1997-02-22,bibliotecaipora2000@yahoo.com.ar
6224,105,Buenos Aires,,bibliotecanovaro@hotmail.com
6182,3571,Buenos Aires,1994-09-23,
6182,4334,Buenos Aires,2002-07-19,bibliomercedesdesanmartin@gmail.com
6189,1312,Buenos Aires,1928-05-24,
6189,3483,Buenos Aires,1982-03-01,biblioelperdido@gmail.com
6189,1347,Buenos Aires,1928-12-05,biblioameghino@altisa.com.ar
6196,2225,Buenos Aires,1932-07-10,
6203,101,Buenos Aires,1915-01-31,bibliotecasarmiento_2000@yahoo.com.ar
6203,3591,Buenos Aires,1991-01-31,glabuscfliawach@gmail.com
6203,3894,Buenos Aires,1969-09-27,bibliotecapopularhuanguelen@gmail.com
6175,1883,Buenos Aires,1920-04-24,
6182,1770,Buenos Aires,1933-02-19,bibjbalberdi@gmail.com
6182,3364,Buenos Aires,1980-01-01,nancy_flo@hotmail.com
6238,118,Buenos Aires,1945-10-27,
6245,167,Buenos Aires,1917-07-22,
6245,1620,Buenos Aires,1932-06-18,
6245,2151,Buenos Aires,1924-11-18,
6245,3647,Buenos Aires,1957-04-02,
6245,4065,Buenos Aires,1980-01-01,anamzanoni@yahoo.com.ar
6252,1673,Buenos Aires,1932-09-25,bp20dediciembre@gmail.com
6252,861,Buenos Aires,1929-07-09,alberdibiblio@yahoo.com.ar
6260,2843,Buenos Aires,1964-05-24,bibliotecaameghino@gmail.com
6260,1733,Buenos Aires,1932-09-01,
6260,3452,Buenos Aires,1980-01-01,
6270,4357,Buenos Aires,1993-11-06,bibliotecaeltrebol@gmail.com
6270,2810,Buenos Aires,1959-08-09,bpdfsts@yahoo.com.ar
6274,3522,Buenos Aires,1995-08-19,
6274,123,Buenos Aires,1920-07-04,bibliotecasarmiento_varela@yahoo.com.ar
6274,3158,Buenos Aires,1985-03-31,almafuertebib@yahoo.com.ar
6274,3499,Buenos Aires,1980-01-01,arravera@hotmail.com
6274,3891,Buenos Aires,1999-08-30,
6274,3926,Buenos Aires,1980-01-01,bibliotecahugodelcarril@gmail.com
6274,4051,Buenos Aires,1980-01-01,bibliostomas@yahoo.com.ar
6274,4242,Buenos Aires,2004-05-18,bpdemuro@live.com.ar
6274,3916,Buenos Aires,2000-07-02,
6274,4170,Buenos Aires,1980-01-01,bibliotecaflorenciosanchez@yahoo.com.ar
6280,3767,Buenos Aires,1997-05-25,
6280,3518,Buenos Aires,1976-12-19,biblioteca_miramar@yahoo.com.ar
6287,131,Buenos Aires,1915-04-29,bibliofbalcarce@yahoo.com.ar
6294,1707,Buenos Aires,1932-10-12,
6294,4119,Buenos Aires,2003-10-23,
6308,276,Buenos Aires,1980-01-01,
6315,2789,Buenos Aires,1944-04-02,
6322,2914,Buenos Aires,1944-03-15,nesoa_07@yahoo.com.ar
6329,174,Buenos Aires,1914-12-02,
6336,3292,Buenos Aires,1974-05-01,bibliotecaglavalle@hotmail.com
6351,3633,Buenos Aires,1996-11-22,bibliogranada@yahoo.com.ar
6351,126,Buenos Aires,1913-06-13,
6351,2824,Buenos Aires,1961-03-01,
6351,3922,Buenos Aires,2000-06-10,bibliotecapopularjuan23@hotmail.com
6357,2697,Buenos Aires,1911-11-16,
6357,3476,Buenos Aires,1994-11-21,
6357,3836,Buenos Aires,1980-01-01,
6357,4076,Buenos Aires,1980-01-01,
6357,4122,Buenos Aires,1996-09-21,
6357,4349,Buenos Aires,2014-11-10,
6364,2063,Buenos Aires,1936-07-20,
6385,2501,Buenos Aires,1939-05-07,bibpopmm_lostoldos@yahoo.com.ar
6385,4280,Buenos Aires,2011-05-12,
6392,3724,Buenos Aires,1961-10-21,bibliob@yahoo.com.ar
6392,3196,Buenos Aires,1991-06-28,biblio@cseca.com.ar
6392,3194,Buenos Aires,1935-08-25,biblio@servicoopsa.com.ar
6392,3197,Buenos Aires,1979-10-27,blynch@servicoopsa.com.ar
6392,3339,Buenos Aires,1991-09-05,biblioteca_fortingainza09@hotmail.com
6399,3925,Buenos Aires,2000-08-20,
6399,3715,Buenos Aires,1980-01-01,bibliojh97@yahoo.com.ar
6399,4069,Buenos Aires,2000-11-27,bparditirocha@hotmail.com
6399,4177,Buenos Aires,1980-01-01,bpaliciatmorales_garre@yahoo.com.ar
6399,2998,Buenos Aires,1956-10-25,
6406,1248,Buenos Aires,1922-06-14,bibliopopalmafuerte@yahoo.com.ar
6408,2923,Buenos Aires,1975-05-13,
6408,3621,Buenos Aires,1980-01-01,biblioapalacios@yahoo.com.ar
6410,4002,Buenos Aires,2000-04-16,bibliotecalatradicion@yahoo.com.ar
6413,139,Buenos Aires,1909-05-27,
6413,1054,Buenos Aires,1923-04-12,
6413,1412,Buenos Aires,1928-10-05,
6413,1454,Buenos Aires,1930-02-04,
6413,1809,Buenos Aires,1933-06-02,biblioteca9dejulio@gmail.com
6413,1874,Buenos Aires,1929-02-19,armando_de_miguel@hotmail.com
6413,4389,Buenos Aires,2022-03-11,piosoberanobibliotecapopular@gmail.com
6413,3928,Buenos Aires,1940-05-07,
6420,3696,Buenos Aires,1985-09-01,biblo093@yahoo.com.ar
6420,3574,Buenos Aires,1992-06-15,bibliotecamardeltuyu@yahoo.com.ar
6420,4368,Buenos Aires,2005-07-23,bibliotecasobral@yahoo.com.ar
6420,3910,Buenos Aires,1980-01-01,
6420,4125,Buenos Aires,1980-01-01,bib-arocha@educar
6420,3128,Buenos Aires,1980-01-01,ctc0057@hotmail.com
6427,2880,Buenos Aires,1963-11-03,
6427,4299,Buenos Aires,1976-09-04,bibliotecamflara@hotmail.com
6427,3241,Buenos Aires,1980-01-01,
6427,3293,Buenos Aires,1980-01-01,fundaciondeliacdea@gmail.com
6427,4182,Buenos Aires,1980-01-01,bibliotecapopularrotaria@yahoo.com.ar
6427,4010,Buenos Aires,1998-11-10,amigosdelatablada@yahoo.com.ar
6427,4228,Buenos Aires,1980-01-01,biblioteca_alma@hotmail.com
6427,3921,Buenos Aires,2000-06-01,bptinkunaku@yahoo.com.ar
6427,3203,Buenos Aires,1993-06-11,bibalma@yahoo.com.ar
6427,3762,Buenos Aires,1999-03-30,biblioteca303@yahoo.com.ar
6427,4338,Buenos Aires,2003-02-21,bibliotecapopularimagen121@gmail.com
6427,1880,Buenos Aires,1930-04-18,bibliomoreno@yahoo.com.ar
6427,3730,Buenos Aires,1998-02-17,
6427,3913,Buenos Aires,1999-02-02,
6427,4041,Buenos Aires,1999-12-06,biblioteca308@yahoo.com.ar
6441,2585,Buenos Aires,1936-09-26,bibliofameghino@yahoo.com.ar
6441,3736,Buenos Aires,1997-09-20,
6441,165,Buenos Aires,1918-05-02,bibliotecaalborada@yahoo.com
6441,1483,Buenos Aires,1915-10-01,
6441,1747,Buenos Aires,1927-12-27,
6441,1830,Buenos Aires,1903-10-12,
6441,1973,Buenos Aires,1927-08-03,
6441,2069,Buenos Aires,1936-04-15,bibliotecapopularsanmartin@hotmail.com
6441,2098,Buenos Aires,1929-04-16,bibliotecameridianov@hotmail.com
6441,2127,Buenos Aires,1941-12-06,bprepetto@gmail.com
6441,2323,Buenos Aires,1945-01-01,bibliotecafameghino@hotmail.com
6441,2436,Buenos Aires,1944-07-01,bibliojuanvucetich@gmail.com
6441,2498,Buenos Aires,1947-09-21,
6441,2546,Buenos Aires,1939-03-27,
6441,2644,Buenos Aires,1954-11-30,
6441,2757,Buenos Aires,1940-11-12,
6441,3313,Buenos Aires,1950-02-23,
6441,3681,Buenos Aires,1980-01-01,
6441,3717,Buenos Aires,1980-01-01,bib.homeromanzi@gmail.com
6441,3786,Buenos Aires,1960-10-12,
6441,3877,Buenos Aires,1993-08-23,biblioteca_elizalde@yahoo.com.ar
6441,3954,Buenos Aires,1980-01-01,casadeltango_lp@hotmail.com.ar
6441,4140,Buenos Aires,2001-11-04,bibliopcarlosbormida@yahoo.com.ar
6441,4171,Buenos Aires,1980-01-01,ongenlazandopalabras@hotmail.com
6441,4288,Buenos Aires,2011-02-01,delotroladodelarbol@hotmail.com
6441,4376,Buenos Aires,2007-10-01,lagrietaylachicharra@gmail.com
6441,2271,Buenos Aires,1933-09-11,cfloshornos@yahoo.com.ar
6441,3211,Buenos Aires,1980-01-01,biblioharosteguy@yahoo.com.ar
6441,3956,Buenos Aires,1995-06-02,
6441,1920,Buenos Aires,1936-07-11,bibpopmarianomoreno@hotmail.com
6441,2438,Buenos Aires,1923-12-23,
6441,4066,Buenos Aires,1999-10-12,bibliotecatupacamaru@yahoo.com.ar
6441,249,Buenos Aires,1920-06-08,
6434,4117,Buenos Aires,1999-04-30,
6434,150,Buenos Aires,1917-09-07,
6434,2713,Buenos Aires,1945-10-12,
6434,3448,Buenos Aires,1994-06-06,
6434,4021,Buenos Aires,2001-07-16,
6434,3431,Buenos Aires,1980-01-01,bibliopopameghino@hotmail.com
6434,3649,Buenos Aires,1997-03-16,
6434,4135,Buenos Aires,1980-01-01,bibliotecapopularmontechingolo@gmail.com
6434,2676,Buenos Aires,1919-09-19,balberdiescalada@gmail.com
6434,2767,Buenos Aires,1955-09-03,bibliotecabarriocanal@yahoo.com.ar
6434,3828,Buenos Aires,1930-10-05,roxanacaterbetti42@hotmail.com
6434,294,Buenos Aires,1918-03-01,bibliotecasarmiento@yahoo.com.ar
6434,1706,Buenos Aires,1914-12-13,bibprimerodemayo@hotmail.com
6448,2134,Buenos Aires,1940-12-01,bplaprida@yahoo.com.ar
6455,1326,Buenos Aires,1928-08-12,
6462,87,Buenos Aires,1916-08-20,bibliotecapopular@live.com.ar
6462,3153,Buenos Aires,1988-06-20,nuevabibliomatienzo@hotmail.com
6462,2872,Buenos Aires,1961-07-09,bibvedia@yahoo.com.ar
6469,2366,Buenos Aires,1945-09-17,
6469,1684,Buenos Aires,1932-06-12,bibliobayauca@hotmail.com
6469,2729,Buenos Aires,1958-04-18,bibliosalas@yahoo.com.ar
6469,3442,Buenos Aires,1980-01-01,
6469,3946,Buenos Aires,1980-01-01,
6469,177,Buenos Aires,,bibliotecasarmientocoop@hotmail.com.ar
6476,279,Buenos Aires,1918-04-05,
6469,1232,Buenos Aires,1926-08-06,
6476,3622,Buenos Aires,1993-06-10,bibliopopularsanmanuel@gmail.com
6483,122,Buenos Aires,1920-12-27,
6483,175,Buenos Aires,1912-03-16,ccplbsarmiento@yahoo.com.ar
6483,1193,Buenos Aires,1902-01-12,bibliocapponi@yahoo.com.ar
6483,3796,Buenos Aires,1980-01-01,
6490,3865,Buenos Aires,1980-01-01,
6490,3149,Buenos Aires,1980-01-01,
6490,3979,Buenos Aires,1980-01-01,
6490,4196,Buenos Aires,1980-01-01,bipopu_argentinos07@yahoo.com.ar
6490,173,Buenos Aires,1900-05-02,bibliotecamentruytespectaculos@gmail.com
6490,3404,Buenos Aires,1938-09-18,
6490,4115,Buenos Aires,2002-12-06,bibjuliocortazar@yahoo.com.ar
6490,4121,Buenos Aires,2003-01-25,bibliotecapopulardelaciudad@gmail.com
6490,2401,Buenos Aires,1980-01-01,bibliolonghi@hotmail.com
6490,3754,Buenos Aires,1980-01-01,bibliotecasanjose2000@yahoo.com.ar
6490,3823,Buenos Aires,1980-01-01,
6490,4008,Buenos Aires,2000-08-16,bibliotecapopular_sanjuan@hotmail.com
6497,4340,Buenos Aires,2001-03-02,lecturaenck@gmail.com
6497,168,Buenos Aires,1914-11-27,salonesbibliotecaameghino@gmail.com
6497,3182,Buenos Aires,1918-03-29,
6497,3656,Buenos Aires,1996-05-25,
6497,1257,Buenos Aires,1926-05-10,bibliotecaopendoor@hotmail.com
6505,4219,Buenos Aires,2008-04-07,bpegirardengo@gmail.com
6511,3351,Buenos Aires,1966-07-09,
6515,2931,Buenos Aires,1975-04-01,bibwcm@yahoo.com.ar
6515,4262,Buenos Aires,2007-06-02,
6515,3668,Buenos Aires,1998-06-13,monbe3@hotmail.com
6515,3785,Buenos Aires,1998-11-05,bibliotecapolvorines@gmail.com
6515,4151,Buenos Aires,1980-01-01,
6518,4241,Buenos Aires,1977-10-05,bibliotecadepiran@yahoo.com.ar
6525,1998,Buenos Aires,1936-09-12,bibliopop.gsm@gmail.com
6532,194,Buenos Aires,,biblsarmiento_mercedes@hotmail.com
6028,3243,Buenos Aires,1986-04-02,
6539,3303,Buenos Aires,1991-01-24,
6539,4199,Buenos Aires,1980-01-01,
6539,3949,Buenos Aires,1980-01-01,
6539,3999,Buenos Aires,2000-10-20,info@bibliotecaguiraldes.com.ar
6547,3805,Buenos Aires,1980-01-01,
6547,2662,Buenos Aires,1950-09-20,bp_manuelbelgrano@hotmail.com
6553,3315,Buenos Aires,1980-01-01,
6560,4139,Buenos Aires,2000-09-15,
6560,2673,Buenos Aires,1954-01-24,bibliotecambon@live.com.ar
6560,3944,Buenos Aires,2000-09-17,
6560,4336,Buenos Aires,2008-06-20,bibliotkalmafuerte@gmail.com
6560,3886,Buenos Aires,2000-04-25,
6560,4134,Buenos Aires,1980-01-01,bibliotecasanjoseobrero@gmail.com
6560,2243,Buenos Aires,1916-08-30,biblioteca@cbmm.com.ar
6560,3248,Buenos Aires,1980-01-01,bphoracioquiroga@hotmail.com
6560,4003,Buenos Aires,1980-01-01,
6560,2804,Buenos Aires,1958-08-06,bibliopop.pasodelrey@hotmail.es
6560,4106,Buenos Aires,1958-06-20,
6560,1391,Buenos Aires,1929-07-21,
6560,2324,Buenos Aires,1945-02-04,bibliogiuffra@hotmail.com
6560,4040,Buenos Aires,2001-06-30,bibliotecajauretche@yahoo.com.ar
6560,3049,Buenos Aires,1971-07-29,
6560,4274,Buenos Aires,1999-12-02,biblioparlantesur@hotmail.com
6568,3012,Buenos Aires,1964-03-22,
6568,3901,Buenos Aires,1997-01-27,biblioteca_jsgaviota@hotmail.com
6574,3885,Buenos Aires,1980-01-01,biblioalma@yahoo.com.ar
6574,195,Buenos Aires,1907-04-14,biberenchu@copesnet.com.ar
6581,2277,Buenos Aires,1980-01-01,
6581,197,Buenos Aires,1980-01-01,
6581,1309,Buenos Aires,1926-04-03,joseestrada@arnet.com.ar.
6581,1710,Buenos Aires,1932-09-11,
6581,3552,Buenos Aires,1980-01-01,biblioquequen@hotmail.com
6595,135,Buenos Aires,1980-01-01,
6595,201,Buenos Aires,1904-06-20,bibliotecaferroviaria@hotmail.com
6595,202,Buenos Aires,1909-07-25,
6595,3652,Buenos Aires,1996-02-01,biblioteca_amoroso@yahoo.com.ar
6595,3811,Buenos Aires,1998-11-25,biblioindependencia@hotmail.com
6595,3889,Buenos Aires,1980-01-01,
6595,4176,Buenos Aires,1980-01-01,
6595,4371,Buenos Aires,2010-09-24,
6595,3939,Buenos Aires,1999-12-13,
6595,2371,Buenos Aires,1948-04-25,bibliotecasb@yahoo.com.ar
6595,4384,Buenos Aires,2021-08-23,delotroladodelarbolenolavarria@gmail.com
6602,1246,Buenos Aires,1927-10-12,bibpopcervantes@yahoo.com.ar
6609,2646,Buenos Aires,1952-06-29,bibliotecamadero@live.com.ar
6609,1633,Buenos Aires,1931-12-03,
6609,215,Buenos Aires,1910-06-11,bibrivadavia@gmail.com
6609,3255,Buenos Aires,1993-08-12,biblioteca3255@yahoo.com.ar
6616,2073,Buenos Aires,1914-10-11,
6623,1977,Buenos Aires,1933-07-09,
6623,1743,Buenos Aires,1926-12-01,bibliomo@hotmail.com
6623,213,Buenos Aires,1900-10-19,bibliotecamenendez@yahoo.com.ar
6623,1452,Buenos Aires,1929-09-11,
6638,3966,Buenos Aires,2002-03-29,bibliopuma@yahoo.com.ar
6638,4250,Buenos Aires,2007-05-15,marianoadot6@yahoo.com.ar
6638,4366,Buenos Aires,2001-09-05,bibliotecamanzanares@hotmail.com
6638,898,Buenos Aires,1922-03-12,bibliotecapilar@yahoo.com.ar
6638,4344,Buenos Aires,2008-05-18,biblioteca.palabrasdelalma@gmail.com
6638,2984,Buenos Aires,1978-01-03,
6644,3912,Buenos Aires,1980-01-01,
6644,2887,Buenos Aires,1970-06-20,biblioteca@telpin.com.ar
6651,3968,Buenos Aires,1990-04-09,casadelacultura2002@yahoo.com.ar
6651,4222,Buenos Aires,1988-01-08,bibliotecapopularsur@yahoo.com.ar
6651,2158,Buenos Aires,1930-01-22,
6655,2209,Buenos Aires,1941-07-19,
6658,98,Buenos Aires,1980-01-01,
6658,1988,Buenos Aires,1932-08-21,
6091,3984,Buenos Aires,1980-01-01,bibliotecafundaterra@yahoo.com.ar
6658,2090,Buenos Aires,1972-07-28,bibbosco@hotmail.com
6658,3752,Buenos Aires,1998-08-17,bastorni@yahoo.com.ar
6658,3878,Buenos Aires,1980-01-01,
6658,2788,Buenos Aires,1959-08-15,bibliotecapopularpedrogoyena@yahoo.com.ar
6658,3969,Buenos Aires,2000-05-02,bibliotecapopularcooperarios@yahoo.com.ar
6658,4156,Buenos Aires,1980-01-01,bibliotecajmvilaseca@gmail.com
6658,4311,Buenos Aires,2011-12-07,delriobiblioteca@yahoo.com.ar
6028,3040,Buenos Aires,1984-09-28,
6028,3585,Buenos Aires,1994-04-23,
6665,3793,Buenos Aires,1999-05-25,
6665,2554,Buenos Aires,1951-08-11,
6665,3794,Buenos Aires,1999-06-26,
6665,3157,Buenos Aires,1995-10-25,bibliozampa@hotmail.com
6672,221,Buenos Aires,1920-03-20,bibliotecapopulargsrauch@gmail.com
6672,4205,Buenos Aires,2001-02-20,bibliotecaevaperon.rauch@yahoo.com.ar
6679,3697,Buenos Aires,1980-01-01,bibliomunicipal.rivadavia@gmail.com
6686,3829,Buenos Aires,1932-02-28,
6693,2341,Buenos Aires,1946-06-29,giseafrica@yahoo.com.ar
6700,262,Buenos Aires,1942-11-22,
6700,210,Buenos Aires,1914-01-03,bib.sarmiento.pigue@gmail.com
6700,236,Buenos Aires,1916-05-15,biblioteca_jbalberdi@yahoo.com.ar
6707,2428,Buenos Aires,1980-01-01,
6714,4127,Buenos Aires,1980-01-01,renacer465adulce@hotmail.com.ar
6714,233,Buenos Aires,1901-09-14,
6728,232,Buenos Aires,1980-01-01,
6735,230,Buenos Aires,2006-11-06,rot14@hotmail.com
6735,2815,Buenos Aires,1957-12-01,bmarianomoreno@yahoo.com.ar
6742,2115,Buenos Aires,1940-07-28,
6742,3403,Buenos Aires,1980-01-01,
6749,3659,Buenos Aires,1997-11-14,
6749,231,Buenos Aires,,noticiasmadero@gmail.com
6749,3743,Buenos Aires,1980-01-01,
6749,3790,Buenos Aires,1980-01-01,
6749,2022,Buenos Aires,1939-01-14,bpromulonaon@gmail.com
6749,4030,Buenos Aires,2000-10-10,
6749,4031,Buenos Aires,2001-11-16,
6756,3060,Buenos Aires,1980-01-01,
6756,4061,Buenos Aires,1982-05-23,
6756,4188,Buenos Aires,1980-01-01,bpcavajoven@yahoo.com.ar
6756,192,Buenos Aires,1913-07-28,
6756,223,Buenos Aires,,
6756,3690,Buenos Aires,1980-01-01,
6756,3866,Buenos Aires,1980-01-01,
6371,287,Buenos Aires,1914-10-04,bibliopopsanmartin2001@yahoo.com.ar
6371,4175,Buenos Aires,1980-01-01,biblosnuevoser@hotmail.com
6371,4393,Buenos Aires,2022-07-19,
6371,3628,Buenos Aires,1980-01-01,
6371,3960,Buenos Aires,1980-01-01,
6371,1242,Buenos Aires,1927-02-23,bpalberdi@gmail.com
6371,2830,Buenos Aires,1964-11-15,bibliopombo@gmail.com
6371,4178,Buenos Aires,1980-01-01,humbertobielli@hotmail.com
6371,1178,Buenos Aires,1925-07-09,bibliotecarivadavia@yahoo.es
6371,3473,Buenos Aires,1945-04-22,chapmaris@hotmail.com
6371,3728,Buenos Aires,1980-01-01,
6371,3994,Buenos Aires,2000-08-19,bibliorioplatense@hotmail.com
6371,4071,Buenos Aires,1980-01-01,
6371,4073,Buenos Aires,1980-01-01,bibliomurillo@yahoo.com.ar
6760,3644,Buenos Aires,1996-07-08,bphmunzon@hotmail.com
6760,3658,Buenos Aires,1995-08-26,bibliotecaentretodos@yahoo.com.ar
6760,4212,Buenos Aires,1980-01-01,bpelfaro@gmail.com
6760,125,Buenos Aires,1913-06-13,bibliotecadfs@hotmail.com
6763,2691,Buenos Aires,1947-04-24,
6763,4116,Buenos Aires,2000-07-07,bibdelcarmen709@gmail.com
6770,226,Buenos Aires,,
6770,1228,Buenos Aires,1927-04-28,bibliotecadfsarmiento@gmail.com
6778,997,Buenos Aires,1923-04-08,bpsarkorn@yahoo.com.ar
6778,1921,Buenos Aires,1936-05-03,
6784,1502,Buenos Aires,1930-09-26,bibliotecaymuseo@yahoo.com.ar
6791,4367,Buenos Aires,2011-09-24,biblioviejaescuela@gmail.com
6791,1627,Buenos Aires,1932-06-01,
6791,238,Buenos Aires,1916-05-26,bibliotecajbalberdi@yahoo.com.ar
6791,240,Buenos Aires,1908-06-21,bpbrtandil@hotmail.com
6791,1194,Buenos Aires,1919-06-06,
6791,3001,Buenos Aires,1980-01-01,bibliotecasarmiento1940@yahoo.com.ar
6791,3010,Buenos Aires,1978-09-20,biblioteca_valor@hotmail.com
6791,3075,Buenos Aires,1984-07-15,tcdehesa@yahoo.com.ar
6791,3302,Buenos Aires,1988-05-15,
6791,3802,Buenos Aires,1998-07-18,bpalbarracin@yahoo.com.ar
6791,3906,Buenos Aires,1999-12-04,bibliotecaghezzi@gmail.com
6791,3945,Buenos Aires,1995-11-17,
6791,4132,Buenos Aires,1980-01-01,
6791,4230,Buenos Aires,1980-01-01,
6798,3173,Buenos Aires,1980-01-01,biblio@tapalque.mun.gba.gov.ar
6805,3050,Buenos Aires,1985-06-05,biblios@netben.com.ar
6805,3689,Buenos Aires,1993-09-25,bpjingenieros@hotmail.com
6805,4005,Buenos Aires,1980-01-01,bibliotecammoreno@hotmail.com
6805,4319,Buenos Aires,2008-07-05,
6805,3318,Buenos Aires,1992-05-20,bibliotecaeltalar@yahoo.com.ar
6805,2863,Buenos Aires,1969-04-18,
6805,3650,Buenos Aires,1980-01-01,
6805,3768,Buenos Aires,1999-03-03,
6805,3475,Buenos Aires,1996-10-10,
6805,957,Buenos Aires,1916-09-16,
6805,4216,Buenos Aires,2003-08-02,bibliotroncos@yahoo.com.ar
6805,4292,Buenos Aires,2008-03-27,comunitariocaraguata@yahoo.com.ar
6805,4352,Buenos Aires,2014-10-07,bpseamoslibres@yahoo.com
6812,3770,Buenos Aires,1980-01-01,
6819,3262,Buenos Aires,1980-01-01,bibliotecasaldungaray@gmail.com
6819,3296,Buenos Aires,1993-10-18,labibliomoreno@gmail.com
6819,966,Buenos Aires,1917-04-01,bibliotecatornquist@yahoo.com.ar
6819,4120,Buenos Aires,2001-08-06,bpmacedonio@gmail.com
6826,244,Buenos Aires,1903-05-17,bibliotecarivadavia_tl@yahoo.com.ar
6826,2405,Buenos Aires,1937-01-01,
6833,3837,Buenos Aires,1971-08-08,bibliohoussay@yahoo.com.ar
6833,3616,Buenos Aires,1963-03-13,
6833,4017,Buenos Aires,1935-05-02,biblioluzycultura@hotmail.com
6833,1299,Buenos Aires,1927-08-27,catriel_h@hotmail.com
6833,3383,Buenos Aires,1994-07-02,biblioretaunmuli@3net.com.ar
6833,3267,Buenos Aires,1993-09-30,bibsanfrabe@yahoo.com.ar
6833,259,Buenos Aires,,bibsarmiento@3net.com.ar
6833,1388,Buenos Aires,1930-05-10,marialemorcillo@gmail.com
6833,4221,Buenos Aires,1980-01-01,bibliotecalatranquera@hotmail.com
6833,4348,Buenos Aires,2006-07-08,bibliotecahdelgiorgio@gmail.com
6840,115,Buenos Aires,1914-04-03,bpalberdi@yahoo.com.ar
6840,1028,Buenos Aires,1921-07-24,lamitredecaseros@gmail.com
6840,2275,Buenos Aires,1944-01-02,bibitalar@hotmail.com
6840,3727,Buenos Aires,1997-08-15,biblo15deagosto@hotmail.com
6840,4193,Buenos Aires,1946-03-20,bibpopsanmartin@gmail.com
6840,4020,Buenos Aires,2001-09-11,
6840,2711,Buenos Aires,1925-02-11,biblioteca_jose_ingenieros@yahoo.com.ar
6840,860,Buenos Aires,1920-11-11,bpmoreno@hotmail.com
6840,1191,Buenos Aires,1926-10-12,biblioalmafuerte@hotmail.com
6847,2107,Buenos Aires,1939-09-29,
6861,3880,Buenos Aires,1999-10-16,
6861,1019,Buenos Aires,1921-10-09,
6861,4129,Buenos Aires,1980-01-01,bibliotecapopulararandu@hotmail.com
6861,4210,Buenos Aires,2008-04-21,bpsudestada@yahoo.com.ar
6861,3830,Buenos Aires,1958-07-15,bibliotecapopularbdelom@yahoo.com.ar
6861,2928,Buenos Aires,1975-04-29,
6868,2954,Buenos Aires,1975-12-28,
6868,4195,Buenos Aires,1980-01-01,
6875,3648,Buenos Aires,1997-03-15,
6875,3254,Buenos Aires,1982-06-20,bibliotecaascasubi2019@gmail.com
6875,3797,Buenos Aires,1967-07-15,
6875,2040,Buenos Aires,1939-04-24,bbcamitre@yahoo.com.ar
6882,914,Buenos Aires,1922-01-17,cpcultura@hotmail.com
10007,3871,Catamarca,1980-01-01,
10021,729,Catamarca,,
10035,749,Catamarca,1916-04-16,
10035,3747,Catamarca,1980-01-01,
10035,3701,Catamarca,1980-01-01,
10035,3560,Catamarca,1996-08-02,
10035,1045,Catamarca,1924-09-24,
10042,730,Catamarca,1980-01-01,bibliochum@yahoo.com.ar
10042,3494,Catamarca,1995-11-23,
10042,740,Catamarca,1912-02-22,
10042,3526,Catamarca,1980-01-01,
10049,2365,Catamarca,1942-08-31,
10049,3655,Catamarca,1980-01-01,
10049,3660,Catamarca,1997-10-23,
10049,3712,Catamarca,1980-01-01,
10056,3541,Catamarca,1980-01-01,
10063,3017,Catamarca,1979-08-13,
10063,2958,Catamarca,1965-03-20,bibpop-lacarrera@yahoo.com.ar
10063,2991,Catamarca,1979-04-20,bibliotecaesquiu2991@yahoo.com.ar
10070,2850,Catamarca,1980-01-01,
10070,3653,Catamarca,1980-01-01,
10077,3542,Catamarca,1996-10-15,
10077,1020,Catamarca,1921-11-02,
10084,4272,Catamarca,2007-11-16,
10084,3471,Catamarca,1992-10-19,
10063,3579,Catamarca,1980-01-01,
10091,742,Catamarca,1912-10-28,
10098,3469,Catamarca,1980-01-01,bibliotecapopularfranco@hotmail.com
10098,3654,Catamarca,1997-03-15,bibliotecasantarosa@yahoo.com.ar
10098,3630,Catamarca,1997-09-21,
10084,862,Catamarca,1918-08-18,
10091,1377,Catamarca,1928-09-23,
10105,1053,Catamarca,1924-07-24,
10112,3577,Catamarca,1980-01-01,
10112,3554,Catamarca,1980-01-01,
10112,3493,Catamarca,1995-12-15,
10112,2967,Catamarca,1980-01-01,bibliotecapopularsumalao@hotmail.com
22036,3393,Chaco,1960-05-25,
22039,3310,Chaco,1981-09-03,biblpoparc@yahoo.com.ar
22168,3389,Chaco,1995-09-23,gladysf_cajcepn7@yahoo.com.ar
22105,3325,Chaco,1940-11-10,
22105,3344,Chaco,1980-01-01,biblioteca-eet5@hotmail.com
22105,3409,Chaco,1974-05-13,bibliovigil21@gmail.com
22105,3507,Chaco,1991-08-28,fanischlegel@hotmail.com
22014,3553,Chaco,1980-01-01,
22014,4105,Chaco,2004-03-09,bibliotecalaleonesa@yahoo.com.ar
22014,2999,Chaco,1980-01-01,
22028,3465,Chaco,1966-08-17,bibliotecapueyrredon@gmail.com
22028,3671,Chaco,1980-04-24,
22028,3672,Chaco,1980-01-01,
22021,2996,Chaco,1980-01-01,
22021,3003,Chaco,1980-01-01,bibliotecapibernus@hotmail.com
22043,3491,Chaco,1980-01-01,
22049,3004,Chaco,1980-04-30,josealumnibp72@gmail.com
22056,3548,Chaco,1980-01-01,bibliotecaaguado_lv@hotmail.com
22056,3456,Chaco,1980-01-01,bcajaimehomar@yahoo.com.ar
22063,2907,Chaco,1980-01-01,bcapopularcastellichaco@yahoo.com.ar
22084,2297,Chaco,1945-04-01,bibciervopetiso@yahoo.com.ar
22084,3457,Chaco,1980-01-01,bibliotecatuckey@live.com.ar
22084,3459,Chaco,1980-01-01,bibnoronha@yahoo.com.ar
22084,3673,Chaco,1980-01-01,bibliotecabp136@hotmail.com.ar
22084,3675,Chaco,1980-01-01,
22084,3612,Chaco,1980-01-01,
22098,3439,Chaco,1960-05-11,3439bp@gmail.com
22098,3458,Chaco,1976-09-24,anexo@vai.com.ar
22098,3555,Chaco,1981-11-23,
22112,3492,Chaco,1975-06-15,bib_cervantes@yahoo.com.ar
22119,3353,Chaco,1967-07-16,bib_pop_estrada_plaza@hotmail.com
22133,3014,Chaco,1982-03-01,
22133,3582,Chaco,1960-08-27,bibliotecafontana@gmail.com
22133,3674,Chaco,1980-01-01,andolfibiblioteca@hotmail.com
22140,783,Chaco,1980-01-01,bibliommoreno@hotmail.com
22140,3450,Chaco,1980-01-01,bib.juanramonlestani@hotmail.com
22140,4313,Chaco,1981-08-10,bibliotecamalvinas@hotmail.com
22140,992,Chaco,1923-12-13,bipisarello@yahoo.com.ar
22140,3005,Chaco,1972-12-27,delcentenario1@hotmail.com
22140,779,Chaco,1909-09-18,biblio80rivadavia@yahoo.com.ar
22140,780,Chaco,1901-10-20,
22140,2198,Chaco,1942-09-28,bcalynch50@yahoo.com.ar
22140,2549,Chaco,1980-01-01,
22140,2608,Chaco,1951-12-01,bibliotecaremediosdeescalada@yahoo.com.ar
22140,2686,Chaco,1925-05-22,bibliotecabelgrano@gmail.com
22140,2692,Chaco,1955-11-18,bib.herrera2692@hotmail.com
22140,3009,Chaco,1972-10-28,bepcgc@yahoo.com.ar
22140,3148,Chaco,1986-01-21,nuestrabiblio@hotmail.com
22140,3184,Chaco,1980-01-01,
22140,3281,Chaco,1980-01-01,bibliotecapopulartorres@yahoo.com.ar
22140,3343,Chaco,1957-12-21,
22140,3345,Chaco,1975-05-09,biblioguasti@yahoo.com.ar
22140,3349,Chaco,1961-07-05,bibpopesas@hotmail.com
22140,3384,Chaco,1980-01-01,
22140,3418,Chaco,1961-08-14,bibliotecaurdapilleta@hotmail.com.ar
22140,3432,Chaco,1970-11-12,bibpopbrumana@hotmail.com
22140,3437,Chaco,1980-01-01,biblioprin@yahoo.com.ar
22140,3446,Chaco,1980-01-01,bibliope_bartolomemitre@hotmail.com
22140,3453,Chaco,1987-12-07,popularevita2012@yahoo.com.ar
22140,3477,Chaco,1991-02-05,bcaperon@yahoo.com.ar
22140,3534,Chaco,1984-03-05,bca_alfredoveirave@hotmail.com
22140,3535,Chaco,1970-05-18,bibliotecabarzana@hotmail.com
22140,3543,Chaco,1961-02-09,bibliobligado@hotmail.com
22140,3564,Chaco,1980-01-01,
22140,3670,Chaco,1980-01-01,
22147,2185,Chaco,1943-06-06,biblioteca113@yahoo.com.ar
22154,3460,Chaco,1981-11-23,meduc.bibws@ecomchaco.com.ar
22154,3549,Chaco,1971-05-05,domingocapozzolo@yahoo.es
22154,3000,Chaco,1975-11-12,bibricardoguiraldes@yahoo.com.ar 
26007,3510,Chubut,1980-01-01,
26007,3711,Chubut,1980-01-01,
26007,4180,Chubut,1980-01-01,
26007,4259,Chubut,2008-01-15,bibliotecachubutparatodos@hotmail.com
26007,4326,Chubut,1994-06-23,
26007,4339,Chubut,2011-02-14,bibliotecaraulalfonsinmadryn@hotmail.com
26007,3277,Chubut,1980-01-01,bibliotecacobo@gmail.com
26014,3959,Chubut,1980-01-01,bibliotecarucaraquizuam@hotmail.com.ar
26014,4306,Chubut,2011-04-30,bpelblanco@hotmail.com
26014,4047,Chubut,2001-11-04,bibrincon@gmail.com
26014,3821,Chubut,1993-08-12,bibliotecapopularelmaiten@gmail.com
26014,4161,Chubut,1980-01-01,
26014,3257,Chubut,1980-01-01,
26014,3037,Chubut,1980-01-01,biblagopuelo@yahoo.com.ar
26021,3316,Chubut,1993-03-23,
26021,3506,Chubut,1980-01-01,bcapoptroncoso@hotmail.com
26021,3569,Chubut,1980-01-01,
26021,3800,Chubut,1992-05-01,
26021,3899,Chubut,1996-02-17,ledmuriel@yahoo.com
26021,4331,Chubut,2007-10-28,hola@labibliotecadeastra.com
26035,4249,Chubut,2007-05-15,bibliotecatolkeyen@yahoo.com.ar
26035,3773,Chubut,1951-03-05,
26042,3638,Chubut,1980-01-01,
26042,2414,Chubut,1943-03-12,
26042,3041,Chubut,1939-07-20,bibliopopberwyn@gmail.com
26077,3235,Chubut,1991-04-12,
26077,3378,Chubut,1980-01-01,karinaovelar@hotmail.com
26077,4143,Chubut,1980-01-01,biblioteca_simon@hotmail.com
26077,1819,Chubut,1934-07-08,bpaatw@gmail.com
26077,3080,Chubut,1984-09-21,bibpopfcoguerra84@hotmail.com
26077,3202,Chubut,1991-04-15,
26077,3244,Chubut,1987-08-17,
26077,3256,Chubut,1980-01-01,
26077,3355,Chubut,1980-01-01,
26077,3607,Chubut,1983-09-06,
26077,3632,Chubut,1980-01-01,bibloprogreso4@hotmail.com
26077,3685,Chubut,1992-12-20,
26077,3732,Chubut,1998-10-20,bp.benedictoterrone@gmail.com
26077,3835,Chubut,1996-04-08,bpkim-hue@hotmail.com
26084,3414,Chubut,1980-01-01,
26091,2551,Chubut,1911-07-16,biblioteca2551@yahoo.com.ar
26021,4033,Chubut,1980-01-01,
26056,4324,Chubut,2008-06-11,
26098,2453,Chubut,1949-03-20,clara_petachi@hotmail.com
26098,3402,Chubut,1980-01-01,
26105,3667,Chubut,1980-01-01,
26105,3584,Chubut,1980-01-01,
2103,4252,Ciudad Autónoma de Buenos Aires,2004-03-08,tesis11@tesis11.org.ar
2106,1344,Ciudad Autónoma de Buenos Aires,1928-03-30,trjgonzalez@outlook.com
2110,1843,Ciudad Autónoma de Buenos Aires,1980-01-01,bibliotecabelisarioroldan@yahoo.com.ar
2108,1975,Ciudad Autónoma de Buenos Aires,1916-03-01,
2104,2675,Ciudad Autónoma de Buenos Aires,,
2008,3884,Ciudad Autónoma de Buenos Aires,1999-10-22,
2103,4266,Ciudad Autónoma de Buenos Aires,2005-12-22,bplamemoria@gmail.com
2112,4268,Ciudad Autónoma de Buenos Aires,2010-03-01,bibliopopuche@hotmail.com.ar
2107,4295,Ciudad Autónoma de Buenos Aires,2009-02-26,bibliotecapopularmanuelugarte@gmail.com
2101,4318,Ciudad Autónoma de Buenos Aires,2010-03-26,
2101,4341,Ciudad Autónoma de Buenos Aires,2010-10-01,biblio.26dejulio@gmail.com
2107,947,Ciudad Autónoma de Buenos Aires,1918-05-25,bpcienciaylabor@gmail.com
2111,1131,Ciudad Autónoma de Buenos Aires,1907-11-07,bibliomorris@hotmail.com
2114,1187,Ciudad Autónoma de Buenos Aires,1920-03-21,bibliotecapueyrredonsud@gmail.com
2112,1351,Ciudad Autónoma de Buenos Aires,1928-12-20,susanapariani@hotmail.com
2115,1375,Ciudad Autónoma de Buenos Aires,1915-10-01,bibliotecabecciu@gmail.com
2115,1793,Ciudad Autónoma de Buenos Aires,1932-11-15,
2112,1943,Ciudad Autónoma de Buenos Aires,1924-04-21,bibliotecabrivadavia@yahoo.com.ar
2109,1991,Ciudad Autónoma de Buenos Aires,1929-02-01,
2111,2014,Ciudad Autónoma de Buenos Aires,1936-05-01,bibliotecanazar@yahoo.com.ar
2115,2111,Ciudad Autónoma de Buenos Aires,1980-01-01,centroproteccion@latinmail.com
2103,2177,Ciudad Autónoma de Buenos Aires,1980-01-01,bibliotecapopularmarianoboedo@yahoo.com.ar
2105,2233,Ciudad Autónoma de Buenos Aires,1929-01-01,asocvecvilladelparque@hotmail.com
2111,2558,Ciudad Autónoma de Buenos Aires,1950-10-25,asociacionalvear@yahoo.com.ar
2106,2828,Ciudad Autónoma de Buenos Aires,1941-03-25,
2109,2916,Ciudad Autónoma de Buenos Aires,1941-12-23,bibazarolagil@hotmail.com
2115,2992,Ciudad Autónoma de Buenos Aires,1924-09-18,
2105,2994,Ciudad Autónoma de Buenos Aires,1932-05-29,bibliotecarebagliati@yahoo.com.ar
2109,3019,Ciudad Autónoma de Buenos Aires,1933-06-12,bibliobocajuniors@yahoo.com.ar
2115,3270,Ciudad Autónoma de Buenos Aires,1994-03-05,
2109,3982,Ciudad Autónoma de Buenos Aires,1980-01-01,
2107,4006,Ciudad Autónoma de Buenos Aires,2001-12-18,
2101,4034,Ciudad Autónoma de Buenos Aires,2001-09-21,bibliotecapopularpiedrabuena@gmail.com
2108,4197,Ciudad Autónoma de Buenos Aires,1980-01-01,bpflacroze@gmail.com
2106,4207,Ciudad Autónoma de Buenos Aires,1980-01-01,carlossanchezviamonte@yahoo.com.ar
2102,18,Ciudad Autónoma de Buenos Aires,1916-05-01,asociacionroffo@yahoo.com.ar
2111,19,Ciudad Autónoma de Buenos Aires,1910-10-12,popular12deoctubre@hotmail.com
2106,25,Ciudad Autónoma de Buenos Aires,,bibliotecaobrerajuanbjusto@gmail.com
2106,28,Ciudad Autónoma de Buenos Aires,1916-06-16,bibliotecapueyrredon@hotmail.com
2112,32,Ciudad Autónoma de Buenos Aires,1910-07-08,bibliotecapopularalberdi@yahoo.com.ar
2115,62,Ciudad Autónoma de Buenos Aires,1980-01-01,
2112,77,Ciudad Autónoma de Buenos Aires,1918-03-14,
2111,78,Ciudad Autónoma de Buenos Aires,1917-03-25,bibliotecajerodo@yahoo.com.ar
14007,4347,Córdoba,2013-10-30,
14007,3904,Córdoba,2000-08-29,bibliopopularf.enrique@hotmail.com
14007,4346,Córdoba,2011-08-20,bibliotecapopularlosreartes@gmail.com
14007,2768,Córdoba,1959-05-17,
14007,3769,Córdoba,1998-11-07,biblio.vgb@gmail.com
14007,3645,Córdoba,1998-03-30,bibliotecarojas@yahoo.com.ar
14014,534,Córdoba,1909-05-11,
14014,870,Córdoba,1911-09-11,biblialberdi@yahoo.com.ar
14014,2257,Córdoba,1944-12-17,bibliotecatejeda@hotmail.com
14014,2776,Córdoba,1959-04-12,biblioteca_lac@hotmail.com
14014,2949,Córdoba,1969-11-18,
14014,3042,Córdoba,1980-11-15,bibliotecamalvinasargentinas@hotmail.com
14014,3127,Córdoba,1980-01-01,nuevabibliomatienzo@hotmail.com
14014,3218,Córdoba,1988-11-28,
14014,3572,Córdoba,1986-08-02,bibliotecapopularhugowast@yahoo.com.ar
14014,3707,Córdoba,1995-07-16,bpra3707@gmail.com
14014,3789,Córdoba,1980-01-01,
14014,3845,Córdoba,1999-08-01,biblioalfonsinastorni@gmail.com
14014,3905,Córdoba,1990-08-17,bibpopmijardin@gmail.com
14014,4028,Córdoba,1980-01-01,bpatahualpa@hotmail.com
14014,4243,Córdoba,1980-01-01,bibliotecacortazarcba@yahoo.com.ar
14014,4245,Córdoba,2005-05-26,bibpopmsaleme@yahoo.com.ar
14014,4286,Córdoba,2007-10-08,bibliotecapopularlibertad@yahoo.com.ar
14014,4309,Córdoba,2007-12-11,bibliopopmadretc@yahoo.com.ar
14014,4322,Córdoba,2010-09-06,bpbinaudi@gmail.com
14014,4351,Córdoba,2012-05-05,bibliotecacasadelpueblo@gmail.com
14091,4285,Córdoba,2009-07-20,
14021,1659,Córdoba,1932-05-18,bibliotecapopularlabicicleta@gmail.com
14021,547,Córdoba,1912-07-12,
14021,2045,Córdoba,1918-07-23,
14021,4290,Córdoba,2010-08-17,bping.dumesnil@hotmail.com
14021,4383,Córdoba,2009-04-01,sayanacentroculturaleltalar@hotmail.com
14021,2157,Córdoba,1942-10-03,
14021,4203,Córdoba,1980-01-01,bibliotecaragonking@yahoo.com.ar
14021,2924,Córdoba,1942-12-05,
14021,4277,Córdoba,2009-01-16,bibliocawana@gmail.com
14021,3665,Córdoba,1980-01-01,
14028,539,Córdoba,1917-05-01,
14035,4037,Córdoba,1984-05-14,bpdelcampillo@delcampillocoop.com.ar
14035,545,Córdoba,1919-10-22,b.sarmiento@hotmail.com
14035,2021,Córdoba,1937-06-27,bpjovita@jovitacoop.com.ar
14035,3772,Córdoba,1998-06-22,
14035,4398,Córdoba,2022-03-21,bibliotecavillavaleria@gmail.com
14042,543,Córdoba,1916-05-05,
14042,582,Córdoba,1919-04-09,
14042,3723,Córdoba,1980-01-01,bpjhernandez@hotmail.com
14042,3031,Córdoba,1984-03-30,
14042,2162,Córdoba,1938-09-11,
14042,567,Córdoba,1904-09-25,secretaria_gral@bibliotecarivadavia.edu.ar
14042,2406,Córdoba,1942-12-19,biblioteca.marianomoreno@villamaria.gob.ar
14042,3691,Córdoba,1997-05-24,biblioteca_altamira@hotmail.com
14049,1403,Córdoba,1929-11-03,bibliotecamm2013@gmail.com
14049,1872,Córdoba,1933-02-06,bjingenieros@intinet.com.ar
14056,3595,Córdoba,1997-11-23,bibliopopcarnerillo@yahoo.com.ar
14056,2615,Córdoba,1951-04-26,bibpopjlc@yahoo.com.ar
14056,3782,Córdoba,1999-06-10,
14063,2884,Córdoba,1967-05-06,
14063,4014,Córdoba,1980-01-01,
14063,3915,Córdoba,1996-06-23,
14063,2321,Córdoba,1918-01-01,bibliotecacdb@yahoo.com
14063,2424,Córdoba,1949-05-25,
14063,3593,Córdoba,1980-01-01,bipop3593@hotmail.com
14063,2197,Córdoba,1939-09-26,
14063,2858,Córdoba,1918-03-18,
14063,3139,Córdoba,1980-01-01,
14063,3592,Córdoba,1980-01-01,bibliotecapopularlidiacesanelli@yahoo.com.ar
14063,1758,Córdoba,1917-10-07,juanbenitzbiblioteca@gmail.com
14084,544,Córdoba,1914-07-14,bibliotecaflorentinoameghino@hotmail.com
14084,549,Córdoba,1913-10-12,
14084,3958,Córdoba,2001-09-09,
14091,2330,Córdoba,1946-12-09,bp2330@bepe.ar
14091,1071,Córdoba,1923-05-06,
14091,4016,Córdoba,2000-06-01,bibliotecajhernandez@tutopia.com
14091,1867,Córdoba,1934-04-21,bibliotecapopularsarmiento@yahoo.com.ar
14091,3867,Córdoba,1999-01-27,
14091,3055,Córdoba,1985-10-26,
14091,2148,Córdoba,1938-04-08,
14091,2978,Córdoba,1949-01-16,
14091,3629,Córdoba,1997-10-16,blugones@gmail.com
14091,4283,Córdoba,2010-05-14,
14098,3568,Córdoba,1980-01-01,bpbischoff@hotmail.com
14098,4238,Córdoba,2003-08-17,
14098,2900,Córdoba,1972-04-28,
14098,2866,Córdoba,1969-07-21,bibliotecarrojas@hotmail.com
14098,1756,Córdoba,1929-04-18,bibatelleria@hotmail.com
14098,3011,Córdoba,1966-12-10,biblioasuncion@hotmail.com
14098,1500,Córdoba,1930-08-24,juanbalberdi1500@yahoo.com.ar
14098,555,Córdoba,1910-07-10,
14098,588,Córdoba,1915-07-09,bibliosarmiento1915@yahoo.com.ar
14098,2751,Córdoba,1955-09-07,
14098,2851,Córdoba,1932-05-01,
14098,3015,Córdoba,1970-06-06,bibliotecasscc@hotmail.com
14098,4097,Córdoba,1980-01-01,bpscoronel@yahoo.com.ar
14098,3729,Córdoba,1980-01-01,gracielavaia@hotmail.com
14098,584,Córdoba,1918-03-31,
14105,3597,Córdoba,1980-01-01,
14021,4312,Córdoba,2006-11-29,bpjlborgeslapuerta@hotmail.com
14105,3138,Córdoba,1985-11-06,
14105,4244,Córdoba,2006-02-10,biblio_alejocg@hotmail.com
14112,2925,Córdoba,1972-10-21,
14119,2794,Córdoba,1961-06-17,
14119,3702,Córdoba,1980-01-01,
14119,2534,Córdoba,1950-08-17,bpsmo@yahoo.com.ar
14119,3586,Córdoba,1996-06-15,bpguerbe@hotmail.com
14119,3333,Córdoba,1980-01-01,
14119,864,Córdoba,1980-01-01,
14126,3620,Córdoba,1996-05-25,info@ordendelcolmenar.com.ar
14126,4395,Córdoba,2011-07-08,bibliotecaelmanantialcb@gmail.com
14133,2006,Córdoba,1935-05-18,
14133,3983,Córdoba,1980-01-01,bibliohornillos@yahoo.com.ar
14133,4294,Córdoba,2010-11-02,bibliotecapopulardeluyaba@yahoo.com.ar
14133,4213,Córdoba,1980-01-01,bibliotecapopularvilladelasrosas@yahoo.com.ar
14133,4118,Córdoba,2000-09-12,
14140,4145,Córdoba,1980-01-01,biblioalicia16@yahoo.com.ar
14140,2008,Córdoba,1932-11-23,
14140,3990,Córdoba,1990-02-07,adriflores71@hotmail.com
14140,3666,Córdoba,1980-01-01,
14140,3853,Córdoba,1998-12-07,bivignaud536@hotmail.com
14140,1824,Córdoba,1934-04-28,bibliotecapopularjifreyre@gmail.com
14140,3623,Córdoba,1973-05-19,
14140,3931,Córdoba,1995-07-03,fernandoercole@hotmail.com
14140,4343,Córdoba,2001-09-01,
14140,3576,Córdoba,1997-06-14,
14140,581,Córdoba,1918-07-09,bisarlasvarillas@gmail.com
14140,2360,Córdoba,1945-05-13,clubalmafuertelv970@gmail.com
14140,1176,Córdoba,1923-11-11,
14140,4232,Córdoba,1980-01-01,
14140,2265,Córdoba,1945-03-05,
14140,560,Córdoba,1926-08-05,bibliotecapopularycc@gmail.com
14140,2426,Córdoba,1940-10-10,
14140,3997,Córdoba,1980-01-01,bpmarianomoreno@yahoo.com.ar
14140,3044,Córdoba,1980-06-20,
14140,3748,Córdoba,1980-01-01,
14147,1541,Córdoba,1931-03-11,bibliotecapopular4@gmail.com
14147,1647,Córdoba,1932-01-26,labpdealtagracia@gmail.com
14147,3744,Córdoba,1980-01-01,
14147,4026,Córdoba,1999-10-11,
14147,4392,Córdoba,2022-07-19,bpgarabatos@gmail.com
14147,4101,Córdoba,1980-01-01,bibliotecaarnalponti@yahoo.com.ar
14147,4362,Córdoba,2016-05-27,bplaurdimbre@gmail.com
14147,3763,Córdoba,1998-08-08,pizzurno10@hotmail.com
14091,4019,Córdoba,2001-06-21,bibliotecahg@gmail.com
14098,4126,Córdoba,1980-01-01,bibliomanuelamedina@yahoo.com.ar
14119,4042,Córdoba,2001-07-16,bibliorayuela@yahoo.com.ar
14161,527,Córdoba,1926-07-03,
14161,3520,Córdoba,1996-06-12,bibpopjamescraik@hotmail.com
14161,3596,Córdoba,1997-08-21,biblioppmfierrolp@hotmail.com
14161,2081,Córdoba,1930-12-26,
14161,873,Córdoba,1919-09-14,
14161,2936,Córdoba,1976-04-05,bibliotecatancacha@hotmail.com
14175,3731,Córdoba,1980-01-01,
14182,528,Córdoba,1907-04-21,bprjcarcano@yahoo.com.ar
14182,1419,Córdoba,1929-08-04,
14182,2737,Córdoba,1947-09-17,malambo_laborde@yahoo.com.ar
14182,586,Córdoba,1917-07-14,bibliommm@yahoo.com.ar
14182,4218,Córdoba,1980-01-01,m10ruben@hotmail.com
14182,1837,Córdoba,1931-01-01,atleticopascanas@yahoo.com.ar
14182,2203,Córdoba,1943-06-20,biblio_we@hotmail.com
18007,492,Corrientes,1901-04-18,
18021,494,Corrientes,,
18021,495,Corrientes,1980-01-01,biblioctesmagda@hotmail.com
18021,1070,Corrientes,1925-03-28,
18021,1078,Corrientes,1923-01-01,bpjcontte1078@yahoo.com.ar
18021,2735,Corrientes,1957-09-13,
18021,3258,Corrientes,1980-01-01,
18021,3298,Corrientes,1980-01-01,librosabato@yahoo.com.ar
18021,3317,Corrientes,1994-07-08,bparandu@hotmail.com
18021,3337,Corrientes,1980-01-01,nanuva03@yahoo.com.ar
18021,3346,Corrientes,1980-01-01,
18021,3368,Corrientes,1993-08-19,
18021,3813,Corrientes,1998-11-28,bibliotevaperon@arnet.com.ar
18021,3826,Corrientes,1980-01-01,
18021,4165,Corrientes,1980-01-01,coembapora@yahoo.com.ar
18021,4307,Corrientes,1996-04-02,bibliotecaescritorescorrentinos@hotmail.com
18028,4202,Corrientes,1980-01-01,bpcbobsin@hotmail.com
18028,4104,Corrientes,2004-06-15,bibliopopfm@hotmail.com
18035,517,Corrientes,1914-10-25,acyacbpr@gmail.com
18035,3078,Corrientes,1986-06-14,cuatiarenda_@hotmail.com
18042,1373,Corrientes,1911-09-11,
18049,1913,Corrientes,1915-06-21,
18070,501,Corrientes,1911-11-11,bpsarmientogoya@gmail.com
18070,4264,Corrientes,2007-06-30,
18070,4380,Corrientes,2015-11-09,
18056,1957,Corrientes,1936-07-09,bibliotecapopularalvear@hotmail.com
18063,502,Corrientes,1914-01-01,bibliotecapopularrivera@hotmail.com
18063,504,Corrientes,1980-01-01,
18063,3472,Corrientes,1995-06-08,bpleamosjuntos2010@hotmail.com
18091,2419,Corrientes,1948-10-16,
18105,509,Corrientes,1910-09-11,literariabelgrano@gmail.com
18105,1530,Corrientes,1909-11-01,bibliotecasarmientomercedes@gmail.com
18105,2595,Corrientes,1940-03-30,bp2595@gmail.com
18105,2918,Corrientes,1969-03-26,
18105,3438,Corrientes,1947-04-01,
18112,1311,Corrientes,1928-05-01,
18112,506,Corrientes,1909-10-30,biblio506@hotmail.com
18112,1918,Corrientes,1929-08-30,
18112,2171,Corrientes,1936-04-07,bibliotecalainez@hotmail.com
18112,3909,Corrientes,2000-08-31,
18112,4224,Corrientes,1980-01-01,
18112,1547,Corrientes,1931-08-02,
18119,511,Corrientes,1904-10-19,bsarmiento@arnet.com.ar
18119,3375,Corrientes,1980-01-01,bibliotecapopularpasolibres@hotmail.com
18119,4088,Corrientes,2002-03-01,bpramonbarboza@hotmail.com
18126,3559,Corrientes,1980-05-24,
18133,3757,Corrientes,1998-05-16,bipsancosme@gmail.com
18140,3285,Corrientes,1916-06-30,bp3285@bepe.ar
18161,3716,Corrientes,1980-01-01,
18161,522,Corrientes,1914-06-13,
18168,2970,Corrientes,1967-09-10,bibliotecavnc@cableat.net
18168,512,Corrientes,1980-01-01,biblioteca512@hotmail.com
18175,523,Corrientes,1918-06-09,
18077,4077,Corrientes,2002-05-08,
18084,4110,Corrientes,,bpcgs4110@hotmail.com
30008,4239,Entre Ríos,1997-11-27,bibliotecaarroyobaru@hotmail.com
30008,306,Entre Ríos,,bpfiatlux@gmail.com
30008,1251,Entre Ríos,1905-07-26,fabricacolon@hotmail.com
30008,387,Entre Ríos,1904-04-24,biburquiza@yahoo.com.ar
30008,3482,Entre Ríos,1996-05-25,freddimartin@hotmail.com
30008,381,Entre Ríos,1904-05-01,bpgmitre@yahoo.com.ar
30015,319,Entre Ríos,,man.1872@concordia.com.ar
30015,392,Entre Ríos,1917-05-13,
30015,3589,Entre Ríos,1996-11-11,biblioteca3589@hotmail.com
30015,3778,Entre Ríos,1980-01-01,
30015,4189,Entre Ríos,1980-01-01,
30021,324,Entre Ríos,,gerebasso@yahoo.com.ar
30021,334,Entre Ríos,1980-01-01,biblioteca_ramirez@yahoo.com.ar
30021,4378,Entre Ríos,2018-03-16,bibliotecaestacionpuiggari@gmail.com
30028,385,Entre Ríos,1909-07-18,bibliotecapopularurquiza@multichajari.com.ar 
30028,338,Entre Ríos,,bibliotecapop.67@gmail.com
30028,4355,Entre Ríos,2007-11-09,bipo_sabe@outlook.com
30028,2596,Entre Ríos,1925-06-09,
30035,4396,Entre Ríos,1940-05-13,bernardi.bibliotecapopular@gmail.com
30035,382,Entre Ríos,1912-09-01,bibliofederal@hotmail.com
30049,3614,Entre Ríos,1991-01-05,luzdeprovincia@arnet.com.ar
30049,342,Entre Ríos,,bibpopmastronardi@yahoo.com.ar
30056,340,Entre Ríos,,institutomagnasco@hotmail.com
30056,341,Entre Ríos,,bibliosarmiento@yahoo.com
30056,2266,Entre Ríos,1943-11-14,bibliotecalopezjordangchu@gmail.com
30056,2862,Entre Ríos,1960-06-07,
30056,1201,Entre Ríos,1927-04-24,
30056,4240,Entre Ríos,2000-11-10,teresamajul@hotmail.com
30056,375,Entre Ríos,1912-05-09,
30063,3798,Entre Ríos,1998-11-30,bpsm3798@hotmail.com
30070,330,Entre Ríos,1939-08-26,
30070,370,Entre Ríos,1919-07-05,
30070,3401,Entre Ríos,1980-01-01,bibliotecase@hotmail.com
30077,3608,Entre Ríos,1986-12-28,biblio.l.alem@hotmail.com
30077,3290,Entre Ríos,1980-01-01,laviejaestacionhernandez@hotmail.com
30077,3441,Entre Ríos,1995-06-22,
30077,354,Entre Ríos,,
30084,4043,Entre Ríos,2001-06-06,biblioteca.avellaneda@gmail.com
30084,1615,Entre Ríos,1932-02-21,bporientacion@arnet.com.ar
30084,4350,Entre Ríos,2001-08-24,
30084,355,Entre Ríos,,ComisionDirectiva@bibliotecaparana.org.ar
30084,3751,Entre Ríos,1980-01-01,bibliotecalosaromos@gmail.com
30084,4000,Entre Ríos,2000-02-06,
30084,4013,Entre Ríos,1980-01-01,
30084,4111,Entre Ríos,1980-01-01,
30084,4054,Entre Ríos,2001-05-08,bpcup2001@yahoo.com.ar
30084,4297,Entre Ríos,2006-11-02,
30084,3511,Entre Ríos,1953-09-06,
30088,4078,Entre Ríos,2003-08-21,serprotagonistas@gmail.com
30088,3917,Entre Ríos,1976-06-22,bibliosansalvador@yahoo.com.ar
30056,3943,Entre Ríos,2000-10-24,
30091,401,Entre Ríos,1920-06-20,bibliotecacarruego@gmail.com 
30091,364,Entre Ríos,,bibliotecatala@gmail.com
30098,886,Entre Ríos,1919-08-23,bluzobrera1919@yahoo.com.ar
30098,303,Entre Ríos,,bibliotecapopularelporvenir@yahoo.com.ar
30098,4146,Entre Ríos,1980-01-01,bibliojherrera@yahoo.com.ar
30098,4359,Entre Ríos,2000-12-27,bibliotecapopularsanjusto@hotmail.com
30098,4164,Entre Ríos,1980-01-01,
30098,4388,Entre Ríos,2021-08-23,bibliotecapestacion@hotmail.com
30113,328,Entre Ríos,1924-10-12,
30113,383,Entre Ríos,,bpmitre0383@gmail.com
30113,384,Entre Ríos,,
34014,787,Formosa,1910-06-25,
34014,3179,Formosa,1991-08-23,
34014,3330,Formosa,1980-01-01,bpsimonotto@fibertel.com.ar
34014,3433,Formosa,1980-01-01,bpmargaritadiez@hotmail.com
34014,3435,Formosa,1995-09-19,
34014,3495,Formosa,1980-01-01,
34014,3636,Formosa,1997-07-24,
34014,3842,Formosa,1998-05-13,
34021,4236,Formosa,1999-08-23,
34021,3180,Formosa,1992-08-12,
34035,2976,Formosa,1978-08-23,
34035,3314,Formosa,1994-09-30,bipopesfo@hotmail.com
34049,2964,Formosa,1977-12-09,
34049,3516,Formosa,1996-07-01,
34049,3776,Formosa,1980-01-01,
34049,3780,Formosa,1980-01-01,
34049,3955,Formosa,1999-08-14,jjbogarin@hotmail.com
34049,3818,Formosa,1998-09-06,
34049,3269,Formosa,1993-04-30,
34049,3207,Formosa,1980-01-01,
34056,3761,Formosa,1998-09-04,
34056,2974,Formosa,1978-04-11,biblisanmartin@hotmail.com
34056,3387,Formosa,1992-08-17,
38007,3462,Jujuy,1915-09-16,cesarmamani29@yahoo.com.ar
38007,3976,Jujuy,2000-10-01,
38007,3721,Jujuy,1997-11-20,
38021,3391,Jujuy,1980-01-01,bibliotecapopularjorgecalvetti@hotmail.com 
38021,766,Jujuy,,bibpojuj@imagine.com.ar
38021,3657,Jujuy,1997-05-31,bibliotecaepam3@yahoo.com.ar
38021,3713,Jujuy,1997-09-20,
38021,4098,Jujuy,2002-05-08,
38021,4275,Jujuy,2004-07-27,
38014,3307,Jujuy,1980-01-01,
38014,763,Jujuy,1905-04-09,bibliotecadomingotperez@gmail.com
38014,3627,Jujuy,1996-11-28,
38028,769,Jujuy,1906-05-25,
38028,3895,Jujuy,1980-01-01,
38035,3185,Jujuy,1980-01-01,
38035,770,Jujuy,1911-06-05,
38035,913,Jujuy,1922-02-10,
38035,4172,Jujuy,1980-01-01,
38042,3237,Jujuy,1980-01-01,
38042,3263,Jujuy,1980-01-01,
38042,3985,Jujuy,1980-01-01,
38042,3183,Jujuy,1980-01-01,
38056,1198,Jujuy,1926-05-26,silvio_valencia@hotmail.com
38063,3503,Jujuy,1996-02-03,
38063,771,Jujuy,1911-09-07,
38063,2699,Jujuy,1980-01-01,
38063,3348,Jujuy,1993-07-20,
38063,3575,Jujuy,1980-01-01,bibliosanjoseobrero@hotmail.com
38063,3682,Jujuy,1980-01-01,
38070,3227,Jujuy,1980-01-01,
38070,3275,Jujuy,1993-06-28,
38014,3219,Jujuy,1993-02-12,biblmonterrico@gmail.com
38021,4267,Jujuy,2000-10-14,
38084,4281,Jujuy,1996-04-21,
38084,4163,Jujuy,1980-01-01,
38094,1260,Jujuy,1910-05-26,
38098,3276,Jujuy,1980-01-01,
38098,3059,Jujuy,1986-05-14,
38112,774,Jujuy,1915-07-09,
38112,772,Jujuy,1911-08-31,
42007,3215,La Pampa,1980-01-01,bmfierrodoblas@cosedo.com.ar
42007,3251,La Pampa,1980-01-01,bibliotecaerosiri@gmail.com
42007,2137,La Pampa,1980-01-01,bibliotecariglos@yahoo.com.ar
42007,1990,La Pampa,1914-11-23,bibliorolon@gmail.com
42007,4300,La Pampa,2005-07-20,bpjoaquinanchorena@gmail.com
42014,3279,La Pampa,1980-01-01,bibliotecalaadela@hotmail.com
42021,3386,La Pampa,1995-04-22,biblioanguil@gmail.com
42021,2317,La Pampa,1980-01-01,biblo2317@gmail.com
42021,3377,La Pampa,1994-08-16,
42021,3737,La Pampa,1994-11-17,bibliorodo@cpenet.com.ar
42021,4124,La Pampa,1980-01-01,biblioteca_emorisoli@hotmail.com
42021,4251,La Pampa,2009-04-04,bibliotecapopularteresaperez@gmail.com
42021,4270,La Pampa,2009-09-01,bibliomiguelgomez@gmail.com
42021,4345,La Pampa,2014-09-23,bpmalvinasargentinas@gmail.com
42028,3839,La Pampa,1980-01-01,bp3839@bepe.ar
42028,3321,La Pampa,1980-01-01,
42028,3722,La Pampa,1997-10-13,ivaveroferrer@yahoo.com.ar
42056,3214,La Pampa,1993-03-08,bibliochapaleufu@hotmail.com
42056,3382,La Pampa,1980-01-01,
42056,4287,La Pampa,2000-05-15,
42056,2679,La Pampa,1932-05-07,bprenovacion@gmail.com
42056,1499,La Pampa,1929-11-14,bibliovertiz@yahoo.com.ar
42035,3617,La Pampa,1998-04-01,biblioconhello@yahoo.com.ar
42035,3181,La Pampa,1980-01-01,biblio_mayer@yahoo.com.ar
42035,2316,La Pampa,1946-09-17,biblomn@yahoo.com.ar
42035,1646,La Pampa,1932-05-15,popularsarmiento@yahoo.com.ar
42070,3250,La Pampa,1984-08-01,biblioalp@yahoo.com.ar
42070,3563,La Pampa,1995-11-01,
42070,806,La Pampa,1921-02-03,sonirack77@yahoo.com.ar
42070,2259,La Pampa,1945-08-01,guatrachebpalmafuerte@gmail.com
42070,3416,La Pampa,1994-08-01,bibliojosebarbero@gmail.com
42077,3874,La Pampa,1980-01-01,bibabramo@hotmail.com
42077,2786,La Pampa,1958-11-27,bibliotecammoreno@yahoo.com.ar
42077,883,La Pampa,1923-01-01,biblioteca_adelvalle@hotmail.com
42077,3309,La Pampa,1980-01-01,falciola@cooparauz.com.ar
42084,3618,La Pampa,1980-01-01,
42098,3546,La Pampa,1996-07-01,bibliocq@hotmail.com
42098,1509,La Pampa,1931-05-11,biblio_mb_luantoro@hotmail.com
42098,815,La Pampa,1905-06-04,bibliorica@yahoo.com.ar
42105,1555,La Pampa,1931-07-26,almafuerte_1555@yahoo.com.ar
42105,4080,La Pampa,2003-01-06,bibliotecarosales@hotmail.com
42105,808,La Pampa,1912-11-30,bibliotecaestrada@yahoo.com
42105,2803,La Pampa,1958-10-12,bibliotecajvg@yahoo.com.ar
42105,2807,La Pampa,1961-08-21,bibliotecagarro@gmail.com
42105,1945,La Pampa,1937-04-01,biblioamartello@hotmail.com
42119,3231,La Pampa,1993-03-29,josehernandezbp@yahoo.com.ar
42119,2122,La Pampa,1933-04-13,
42119,3531,La Pampa,1996-02-22,
42119,816,La Pampa,1911-07-01,bpraulbdiaz@yahoo.com.ar
42126,1477,La Pampa,1930-07-27,bibliotecacaleufu@yahoo.com.ar
42126,3186,La Pampa,1987-11-01,bibliotecalamaruja@hotmail.com
42126,2457,La Pampa,1950-11-12,
42126,3480,La Pampa,1995-09-25,bibliotecajorgepicca@yahoo.com.ar
42126,823,La Pampa,1915-06-27,biblioquetre@cernet.com.ar
42126,1766,La Pampa,1932-10-20,bibrancul452@hotmail.com
42133,3565,La Pampa,1980-01-01,vanpraetbiblioteca@yahoo.com.ar
42133,3171,La Pampa,1979-02-20,
42133,805,La Pampa,1919-07-07,bibmartini@hotmail.com
42133,3177,La Pampa,1980-01-01,
42133,2355,La Pampa,1948-07-04,bibliotecaingenieroluiggi@hotmail.com
42133,916,La Pampa,1920-07-09,margaretsos@hotmail.com
42133,3434,La Pampa,1994-06-04,gildarodriguez_73@hotmail.com
42133,811,La Pampa,1910-05-01,
42035,819,La Pampa,1932-12-03,bibliosm@cospec.com.ar
42154,3308,La Pampa,1990-12-15,
42140,897,La Pampa,1921-11-21,bibliotecatoay@cpenet.com.ar
42147,1556,La Pampa,1931-08-16,biblioarata@yahoo.com.ar
42147,2647,La Pampa,1926-08-30,bibliotecatrenel@yahoo.com.ar
42154,2373,La Pampa,1934-08-13,bibpopataliva@yahoo.com.ar
42154,2387,La Pampa,1943-08-11,biblioteca_sv@yahoo.com.ar
42154,901,La Pampa,1922-02-22,biflora.me@hotmail.com
42154,3347,La Pampa,1980-01-01,biblioacha@yahoo.com.ar
46007,724,La Rioja,1915-04-28,
46014,718,La Rioja,,bibliotecamarianomoreno@gmail.com
46014,719,La Rioja,1914-02-01,
46014,1345,La Rioja,1980-01-01,bmarcelinoreyes@gmail.com
46014,2687,La Rioja,1956-06-02,
46014,4187,La Rioja,1980-01-01,bibliociudadnar@hotmail.com
46014,4370,La Rioja,2003-10-11,
46021,3529,La Rioja,1980-01-01,
46021,1775,La Rioja,1927-11-27,
46021,1805,La Rioja,1934-10-24,
46021,1993,La Rioja,1933-09-03,
46035,725,La Rioja,1921-06-13,enriquealbertostoller@hotmail.com
46042,716,La Rioja,1903-09-22,biblioteca026@gmail.com
46042,2672,La Rioja,1955-11-28,
46042,3962,La Rioja,2001-09-13,
46028,3918,La Rioja,1999-11-10,
46049,726,La Rioja,1914-10-24,
46056,2293,La Rioja,1946-04-17,
46063,3606,La Rioja,1947-11-17,
46063,723,La Rioja,1908-12-15,
46126,1997,La Rioja,1935-10-01,
46119,4090,La Rioja,1980-01-01,
50007,3209,Mendoza,1992-11-30,
50021,665,Mendoza,1914-05-10,ifsapaag@hotmail.com
50007,3932,Mendoza,1999-09-16,
50021,4103,Mendoza,2002-04-16,
50014,2188,Mendoza,1940-12-08,bibliotecadimarco@yahoo.com.ar
50014,1364,Mendoza,1928-08-05,bibliotecadeoeste@hotmail.com 
50014,3266,Mendoza,1994-01-10,bibescritoresalvearenses@gmail.com
50014,2131,Mendoza,1935-04-28,bp2131sarmiento@yahoo.com.ar
50028,4382,Mendoza,2009-03-27,
50028,4314,Mendoza,2011-05-18,
50028,4085,Mendoza,2001-07-07,
50028,3497,Mendoza,1980-01-01,bipo_jnazareno@yahoo.com.ar
50028,3264,Mendoza,1980-01-01,
50035,3550,Mendoza,1980-01-01,
50035,3057,Mendoza,1970-10-08,bip3057@gmail.com
50035,3947,Mendoza,1980-01-01,
50049,3720,Mendoza,1996-07-09,
50049,3486,Mendoza,1995-08-02,bibliotecapmvivante@yahoo.com.ar
50049,3993,Mendoza,1999-04-01,
50049,4049,Mendoza,1980-01-01,
50007,4310,Mendoza,2008-06-30,bplibrosabiertosmza@gmail.com
50049,4255,Mendoza,2008-11-01,noemi84@live.com.ar
50056,1256,Mendoza,1926-08-29,bibliotecatomasgcruzcosta@hotmail.com
50049,3625,Mendoza,1980-01-01,
50056,3498,Mendoza,1980-01-01,
50056,2894,Mendoza,1971-04-29,biblioteca_pujadas@hotmail.com
50063,3725,Mendoza,1996-10-19,bibliochacras@yahoo.com.ar
50063,4315,Mendoza,1996-03-29,bibliocarrodilla@live.com.ar
50063,4159,Mendoza,1980-01-01,bibliolascompuertas@gmail.com
50063,2875,Mendoza,1911-05-25,bibliopmalberdi@yahoo.com.ar
50063,4325,Mendoza,1991-11-20,biblio_benitojuarez@yahoo.com.ar
50063,4138,Mendoza,1980-01-01,
50070,4183,Mendoza,1980-01-01,
50070,4271,Mendoza,1998-01-05,bibliotecagutierrez@gmail.com
50070,3613,Mendoza,1995-11-16,bibliotecapopularlucilabombal@hotmail.com
50077,2665,Mendoza,1993-11-12,
50084,3463,Mendoza,1980-01-01,
50084,692,Mendoza,1915-05-30,bip692@hotmail.com
50091,3233,Mendoza,1947-11-24,bpmmorenochilecito@yahoo.com.ar
50091,3271,Mendoza,1986-09-06,bibliotecadionisiochaca@gmail.com
50091,3228,Mendoza,1993-01-02,
50091,3190,Mendoza,1992-07-10,bibdigenaro@yahoo.com.ar
50091,4246,Mendoza,2005-06-15,biblioteca_pedro_azin@hotmail.com
50098,4173,Mendoza,1980-01-01,bibliotecarojasmza@hotmail.com
50098,689,Mendoza,1980-01-01,bibliopop.julioaroca@gmail.com
50098,3750,Mendoza,1980-01-01,
50105,3329,Mendoza,1980-01-01,
50105,1276,Mendoza,1926-11-26,bibliotecafranciscopenasco@yahoo.com.ar
50105,3423,Mendoza,1980-01-01,
50105,3981,Mendoza,1998-07-20,labibliotecadelallave_ml@yahoo.com.ar
50105,4102,Mendoza,2004-05-17,
50105,1576,Mendoza,1932-06-19,bibpop1576@yahoo.com.ar
50105,3282,Mendoza,1993-08-17,saltodelasrosasbiblioteca@yahoo.com.ar
50105,676,Mendoza,1919-03-30,
50105,3212,Mendoza,1992-08-12,bpderly@yahoo.com.ar
50105,3265,Mendoza,1992-11-19,
50105,4099,Mendoza,1980-01-01,
50105,4100,Mendoza,1980-01-01,
50105,4278,Mendoza,2009-03-17,
50105,3306,Mendoza,1980-01-01,
50112,4293,Mendoza,2002-06-15,bibliotecacirot@gmail.com
50112,3360,Mendoza,1980-01-01,
50098,4144,Mendoza,1980-01-01,bibloaltoverde@yahoo.com.ar
50021,4018,Mendoza,1980-01-01,
50126,4095,Mendoza,2003-03-03,bibliotecapopulartupungato@gmail.com
50119,3815,Mendoza,1980-01-01,
50119,3662,Mendoza,1997-07-09,bibliotecapopularesteves@gmail.com
50119,3234,Mendoza,1987-03-21,bibliotecapopularvistaflores@yahoo.com.ar
54119,3299,Misiones,1994-06-01,bibcardozo@yahoo.com.ar
54119,3336,Misiones,1994-06-04,bibpop3336@yahoo.com.ar
54007,3970,Misiones,2000-07-21,
54014,3501,Misiones,1990-06-18,
54014,3995,Misiones,2000-09-18,
54014,4211,Misiones,1980-01-01,
54021,3300,Misiones,1980-01-01,
54021,4394,Misiones,2021-08-23,bibliotecapopularelurunday@gmail.com
54021,802,Misiones,1979-10-18,
54021,4329,Misiones,2012-09-10,
54028,793,Misiones,1913-12-13,bibposadas@arnetbiz.com.ar
54028,2939,Misiones,1975-05-03,
54028,3421,Misiones,1994-03-09,bibliotecapopularchepoya@gmail.com
54028,3602,Misiones,1997-04-22,
54028,3777,Misiones,1980-01-01,
54028,4258,Misiones,2001-10-13,bpsurargentino@yahoo.com
54028,4387,Misiones,1980-01-01,
54035,790,Misiones,1911-06-02,
54042,2950,Misiones,1968-04-09,bibliotecaeldorado@hotmail.com
54049,3461,Misiones,1980-01-01,
54049,3312,Misiones,1980-01-01,
54056,3324,Misiones,1980-01-01,
54063,3405,Misiones,1980-01-01,
54063,3544,Misiones,1996-12-01,
54063,4363,Misiones,2015-07-15,
54070,3755,Misiones,1997-11-22,bpmejorpasar@hotmail.com.ar
54077,3395,Misiones,1994-12-07,bibpetcoff@yahoo.com.ar
54077,2944,Misiones,1962-06-15,bibliotecahoracioquiroga@live.com
54084,2995,Misiones,1978-10-25,
54084,3304,Misiones,1980-01-01,bibliotecahquir@yahoo.com.ar
54084,3374,Misiones,1980-01-01,
54091,2561,Misiones,1946-09-09,bibpopsarmiento@yahoo.com.ar
54091,4079,Misiones,2002-03-13,bibleer@yahoo.com.ar
54091,3875,Misiones,1980-01-01,
54098,3935,Misiones,2000-08-21,popularsabato@gmail.com
54098,803,Misiones,1910-05-02,
54105,4214,Misiones,1980-01-01,
54105,3825,Misiones,1980-01-01,
54112,4247,Misiones,2004-05-11,bibliopopu.sanpedro@gmail.com
54084,4128,Misiones,1980-01-01,
54056,3445,Misiones,1980-01-01,
58007,3210,Neuquén,1993-10-20,
58007,3217,Neuquén,1980-01-01,
58007,3788,Neuquén,1980-01-01,
58014,3756,Neuquén,1997-12-02,bibliotecachanar@yahoo.com.ar
58021,4160,Neuquén,1980-01-01,bibliotecaquintu@yahoo.com.ar
58042,824,Neuquén,1980-01-01,bibliotecaolascoaga_chosmalal@yahoo.com.ar
58042,3260,Neuquén,1980-01-01,
58042,3091,Neuquén,1980-01-01,
58042,4208,Neuquén,1980-01-01,
58028,3175,Neuquén,1980-01-01,
58035,3840,Neuquén,1999-06-10,
58035,2747,Neuquén,1958-10-22,bibliotecachrodriguez@gmail.com
58035,3092,Neuquén,1987-07-26,butaruca@yahoo.com.ar
58035,3295,Neuquén,1994-03-08,
58035,3354,Neuquén,1994-12-10,
58035,3536,Neuquén,1996-07-24,
58035,3642,Neuquén,1997-10-21,
58035,1342,Neuquén,1928-11-10,bibliotecajbalberdi@gmail.com
58035,3100,Neuquén,1989-04-29,bibliolimay@yahoo.com.ar
58035,3102,Neuquén,1994-12-21,
58035,3103,Neuquén,1980-01-01,bpjcortazar@yahoo.com.ar
58035,3104,Neuquén,1980-01-01,suyaimapu@yahoo.com.ar
58035,3130,Neuquén,1980-01-01,dario.millain@gmail.com
58035,3134,Neuquén,1980-01-01,
58035,3137,Neuquén,1990-11-07,biblioeliel@gmail.com
58035,3145,Neuquén,1980-01-01,bibliotecaedelman@yahoo.com.ar
58035,3146,Neuquén,1980-01-01,
58035,3220,Neuquén,1993-04-01,bibliopopularkiquesanchezvera@gmail.com
58035,3222,Neuquén,1993-06-12,info.biblioberbel@gmail.com
58035,3319,Neuquén,1994-09-23,bpescritoresneuquinos@gmail.com
58035,3332,Neuquén,1993-04-07,
58035,3381,Neuquén,1980-01-01,biblioteca_irmac@yahoo.com.ar
58035,3646,Neuquén,1997-02-05,bib.granneuquen@hotmail..com
58035,4032,Neuquén,1980-01-01,
58035,4052,Neuquén,2002-07-25,bibliotecadenevares@yahoo.com.ar
58035,4113,Neuquén,2001-12-13,bgsmartin@hotmail.com
58035,4123,Neuquén,2002-07-24,
58035,4152,Neuquén,1980-01-01,
58035,4162,Neuquén,2004-04-12,Biblioteca.popular.huilliches@gmail.com
58035,4237,Neuquén,2003-03-01,bibliotecapopularsalomon@hotmail.com
58035,4269,Neuquén,2003-10-24,
58035,4296,Neuquén,1980-01-01,bibliopopespaciodelibertad@yahoo.com.ar
58035,3131,Neuquén,1987-09-15,
58035,3143,Neuquén,1980-01-01,bibliojuanbenigar@hotmail.com
58035,3168,Neuquén,1980-01-01,bibliotecavalentinsayhueque@hotmail.com
58035,3099,Neuquén,1980-01-01,bibliomalargen@hotmail.com
58035,3160,Neuquén,1980-01-01,
58035,3161,Neuquén,1980-01-01,
58035,3919,Neuquén,1993-08-16,bibliocarmen.mellado@gmail.com
58035,4254,Neuquén,2002-06-12,biblioteca15dejunio@hotmail.com
58049,3023,Neuquén,1983-08-12,bpgalvarez@yahoo.com.ar
58056,826,Neuquén,1917-11-04,bp9jul@smandes.com.ar
58056,3106,Neuquén,1987-06-09,
58056,3764,Neuquén,1980-01-01,
58056,4273,Neuquén,2006-01-23,
58063,3090,Neuquén,1981-08-28,
58070,3169,Neuquén,1991-11-25,
58077,3087,Neuquén,1980-01-01,
58077,3581,Neuquén,1985-11-22,
58077,3097,Neuquén,1980-01-01,bipopclq@yahoo.com.ar
58084,3129,Neuquén,1980-01-01,
58084,2142,Neuquén,1942-05-25,bibliotecaphuecu@hotmail.com
58091,4305,Neuquén,2005-03-10,bibpopjfernandez@hotmail.com
58091,3807,Neuquén,1980-01-01,
58098,4229,Neuquén,2000-05-08,
58105,3095,Neuquén,1985-09-23,
58112,827,Neuquén,1916-05-12,
58112,3833,Neuquén,1998-07-09,
62091,1522,Río Negro,1931-05-10,bibliotecapopularjacobacci@yahoo.com.ar
62091,3619,Río Negro,1980-01-01,
62007,4332,Río Negro,1990-03-23,
62007,4130,Río Negro,1980-01-01,
62007,830,Río Negro,1906-01-31,biblioteca.mitre@yahoo.com.ar
62007,3150,Río Negro,1990-07-14,bibliotecadelninio@hotmail.com
62007,4235,Río Negro,2004-04-09,bibliotecapabloneruda@live.com.ar
62014,3147,Río Negro,1980-01-01,bibliotecapgv@yahoo.com.ar
62014,832,Río Negro,1918-10-01,bibliotecachoelechoel@yahoo.com.ar
62014,3206,Río Negro,1980-01-01,
62014,967,Río Negro,1980-01-01,elarteesrealidad@yahoo.com.ar
62014,3068,Río Negro,1985-12-03,bibliotecalamarque@hotmail.com
62014,2128,Río Negro,1942-01-25,bibliopizzurnobeltran@gmail.com
62021,1701,Río Negro,1932-12-11,bibliotecasarmiento@elbolson.com
62021,3224,Río Negro,1980-01-01,
62021,1303,Río Negro,1928-03-21,secretaria@bibliotecasarmiento.com.ar
62021,3326,Río Negro,1990-03-05,
62021,3601,Río Negro,1997-01-27,
62021,3964,Río Negro,1986-09-11,bibliofranciscomoreno@yahoo.com.ar
62021,4023,Río Negro,1999-04-24,aliciainchauspe@bariloche.com.ar
62021,4181,Río Negro,1980-01-01,biblioborges@hotmail.com
62021,4373,Río Negro,2007-05-01,labiblio.bibliotecaries@gmail.com
62028,829,Río Negro,1905-02-28,bibliotecageneralconesa@gmail.com
62035,4201,Río Negro,1980-01-01,
62035,3967,Río Negro,1980-01-01,
62042,2906,Río Negro,1970-07-01,
62042,3081,Río Negro,1980-01-01,
62042,3151,Río Negro,1970-03-26,
62042,2603,Río Negro,1932-09-15,biblio5saltos@hotmail.com
62042,3903,Río Negro,1997-05-09,biblioteca_mundo_feliz@yahoo.com.ar
62042,1695,Río Negro,1932-09-29,
62042,3195,Río Negro,1984-05-25,bibliotecaraulentraigas@hotmail.com
62042,3735,Río Negro,1980-01-01,bibliotecaescritora@gmail.com
62042,4087,Río Negro,2000-03-10,
62042,3634,Río Negro,1980-01-01,bibliopopulardecordero@yahoo.com.ar
62042,2922,Río Negro,1974-05-03,bpamigosdellibro@hotmail.com
62042,2114,Río Negro,1936-04-29,bibliotecapopularroca@gmail.com
62042,3082,Río Negro,1980-01-01,bipocre@hotmail.com
62042,3361,Río Negro,1980-01-01,
62042,3362,Río Negro,1980-01-01,lesniniesprimero@gmail.com
62042,3415,Río Negro,1980-01-01,
62042,3466,Río Negro,1980-01-01,
62042,3600,Río Negro,1980-01-01,amancaybibliotecapopular@yahoo.com.ar
62042,3831,Río Negro,1999-05-18,
62042,4149,Río Negro,1980-01-01,bibliopopluciaepullan@yahoo.com.ar
62042,4153,Río Negro,1980-01-01,bibliorivera@yahoo.com.ar
62042,3105,Río Negro,1987-09-21,
62042,4261,Río Negro,2004-05-01,bibliotecapopjuliocortazar@hotmail.com
62042,3107,Río Negro,1965-08-11,
62042,3388,Río Negro,1994-12-21,
62042,3141,Río Negro,1980-01-01,
62042,1885,Río Negro,1935-12-19,
62042,2891,Río Negro,1971-06-20,BPRICARDOROJAS@HOTMAIL.COM
62042,4335,Río Negro,1997-11-27,
62056,4148,Río Negro,1980-01-01,bibliotecanorquinco@gmail.com
62056,3599,Río Negro,1980-01-01,
62063,1464,Río Negro,1930-05-04,
62070,3941,Río Negro,1980-01-01,bibliotecapilcaniyeu@yahoo.com.ar
62077,3084,Río Negro,1984-08-17,
62077,4374,Río Negro,2006-10-24,bibliotecapuertodeleste@outlook.com
62077,2926,Río Negro,1955-07-10,bibliotecacincuentenario@yahoo.com.ar
62077,2968,Río Negro,1978-02-23,biblionov@yahoo.com.ar
62070,3930,Río Negro,1996-05-30,bibliotecapopulardinahuapi@gmail.com
62084,3083,Río Negro,1960-05-22,bibliotecaceferino@yahoo.com.ar
66007,3996,Salta,1999-09-12,
66007,3121,Salta,1987-10-03,
66007,3372,Salta,1992-10-20,
66007,4131,Salta,1980-01-01,
66007,3940,Salta,1980-01-01,
66021,3758,Salta,1980-01-01,
66084,4385,Salta,2022-04-01,barriolamadrid326@gmail.com
66084,3914,Salta,1980-01-01,
66028,4112,Salta,2002-08-16,
66028,3125,Salta,1964-08-25,biblo424@hotmail.com
66028,3126,Salta,1947-09-27,
66028,3474,Salta,1979-06-07,bpmacachaguemes-3474@hotmail.com
66028,3605,Salta,1980-01-01,
66028,3651,Salta,1994-04-25,elba_ugarte@hotmail.com
66028,3677,Salta,1996-07-19,
66028,3704,Salta,1980-01-01,
66028,3708,Salta,1995-07-19,
66028,3734,Salta,1997-09-17,biposamposal@hotmail.com
66028,3746,Salta,1996-10-23,
66028,3781,Salta,1980-01-01,bibliotecapopularmariaestergauna@hotmail.com
66028,3808,Salta,1980-01-01,bibliotecafcosolano@hotmail.es
66028,3822,Salta,1997-09-17,bpsarmiento3822@hotmail.com
66028,3838,Salta,1999-09-06,bibliotecanoragodoy@hotmail.com
66028,3868,Salta,1999-09-23,bibaparicio@hotmail.com
66028,3942,Salta,1996-09-17,
66028,3953,Salta,1999-08-27,
66028,3973,Salta,1994-10-20,
66028,3991,Salta,1980-01-01,
66028,4092,Salta,2003-05-30,
66028,4108,Salta,2004-02-03,
66028,4168,Salta,1980-01-01,
66028,4317,Salta,2008-04-05,bibliotecamariemadeleine@gmail.com
66028,4342,Salta,2012-02-04,biblioteca.rosaparks@hotmail.com
66028,4375,Salta,1998-08-29,
66028,3791,Salta,1997-10-27,
66035,3938,Salta,1999-08-07,bibliotecacerrillos@yahoo.com.ar
66035,752,Salta,1910-06-06,
66049,2574,Salta,1944-09-24,
66049,3610,Salta,1963-05-16,martinfierro2004jh@yahoo.com.ar
66049,1366,Salta,1928-11-08,sarmientobp1366@gmail.com
66056,3759,Salta,1998-10-09,bibaguaray@hotmail.com
66056,1828,Salta,1934-10-01,
66056,1825,Salta,1933-06-18,
66056,4109,Salta,1980-01-01,bibliotecaamparofdemaidana@yahoo.com.ar
66077,4062,Salta,1980-01-01,
66077,4083,Salta,2002-12-14,bibliotecaelmolino4083@yahoo.com.ar
66091,3373,Salta,1994-11-26,
66105,3695,Salta,1980-01-01,
66112,3286,Salta,1980-01-01,bibliotecapopularelgalpon@yahoo.com.ar
66112,760,Salta,1916-09-23,
66119,2849,Salta,1963-10-10,
66126,4056,Salta,1980-01-01,
66126,3385,Salta,1995-11-13,
66126,4048,Salta,1980-01-01,
66126,3974,Salta,1980-01-01,
66140,4194,Salta,1980-01-01,
66140,753,Salta,,
66147,3609,Salta,1980-01-01,
66154,4004,Salta,1980-01-01,
66133,4035,Salta,2001-07-26,bipmirabal@hotmail.com
66056,3965,Salta,1980-01-01,
66161,3745,Salta,1980-01-01,bpsantavictoria@gmail.com 
70063,3519,San Juan,1980-01-01,
70007,3065,San Juan,1985-12-28,
70021,3686,San Juan,1971-11-21,
70021,4364,San Juan,2012-07-28,
70028,3733,San Juan,1980-01-01,marina_vilte@hotmail.com
70028,700,San Juan,1910-09-04,
70028,704,San Juan,,
70028,1510,San Juan,1918-05-23,
70028,1887,San Juan,1935-11-24,
70028,2242,San Juan,1944-11-12,bp_camilorojo@yahoo.com.ar
70028,3213,San Juan,1956-03-09,asic_americas@yahoo.com.ar
70028,3294,San Juan,1994-03-26,
70028,3311,San Juan,1980-01-01,bibpopem@hotmail.com
70028,3521,San Juan,1996-10-16,
70028,4094,San Juan,1980-01-01,
70035,713,San Juan,1918-04-03,
70042,4372,San Juan,2018-01-10,
70042,4390,San Juan,2022-07-13,
70049,2620,San Juan,1954-04-01,biblpoplasflores2620@yahoo.com.ar
70049,11,San Juan,1980-01-01,
70056,702,San Juan,1908-08-15,
70070,1729,San Juan,1932-10-10,
70077,4064,San Juan,1991-09-23,
70077,3108,San Juan,1935-08-16,cervantesbiblioteca98@gmail.com
70077,4327,San Juan,1981-08-22,
70077,3998,San Juan,1980-01-01,Bibliotecapop7@gmail.com
70077,4093,San Juan,1980-01-01,alfonsinastorni.rawsonsj@gmail.com
70077,4217,San Juan,2008-04-16,bibliotecapopularsur@hotmail.es
70077,4263,San Juan,2009-03-02,
70028,3133,San Juan,1990-09-23,bibliosanjuan@hotmail.com
70077,3693,San Juan,1966-06-12,bibliotecapopularmarianomoreno@hotmail.com
70084,2152,San Juan,1940-08-16,bibliotecajuanromulofernandez@hotmail.com
70084,1349,San Juan,1929-02-25,
70084,2938,San Juan,1971-07-09,
70084,3223,San Juan,1988-09-27,
70084,3464,San Juan,1992-08-30,
70084,3490,San Juan,1993-08-26,bibliotecapabloramellasj@hotmail.com
70084,4058,San Juan,1980-01-01,
70084,4284,San Juan,2007-11-05,
70091,709,San Juan,1916-03-20,
70091,4063,San Juan,2001-07-12,
70091,3112,San Juan,1988-08-29,bibjulioeliasbriggiler@yahoo.com.ar
70098,707,San Juan,1910-09-30,
70098,3637,San Juan,1997-07-22,bibgsm@yahoo.com.ar
70098,4084,San Juan,1980-01-01,
70098,4141,San Juan,1980-01-01,
70105,1898,San Juan,1935-06-15,
70028,3109,San Juan,1987-06-15,biblioteca1defebrero@hotmail.com
70028,4027,San Juan,1997-03-25,
70028,4279,San Juan,2003-09-14,bpmariowvictorio@gmail.com
70028,3406,San Juan,1993-03-06,bibliolaescalera@hotmail.com
70112,4354,San Juan,2009-10-05,bibliotecaullum@gmail.com
70119,3706,San Juan,1996-06-20,oscarobles01@gmail.com
70119,714,San Juan,,bibliovallefertil@hotmail.com 
70133,3988,San Juan,1980-01-01,
74007,3398,San Luis,1980-01-01,
74007,596,San Luis,1910-09-11,
74007,599,San Luis,1910-10-30,
74014,3268,San Luis,1963-05-01,
74014,611,San Luis,1916-06-27,
74028,603,San Luis,1916-05-25,mario_saulsosa@hotmail.com
74028,3933,San Luis,1980-01-01,
74028,3273,San Luis,1996-04-15,bibliotecapopularcaminito@hotmail.com
74028,3425,San Luis,1980-01-01,
74028,3709,San Luis,1980-01-01,
74028,3357,San Luis,1980-01-01,
74021,3356,San Luis,1980-01-01,
74021,4036,San Luis,2001-03-18,
74021,3221,San Luis,1993-08-26,
74021,3444,San Luis,1980-01-01,marthaag_05@hotmail.com
74042,3411,San Luis,1980-01-01,
74042,3412,San Luis,1980-01-01,
74035,4055,San Luis,1997-10-06,bpfourcade@yahoo.com.ar
74035,595,San Luis,1914-01-14,
74035,601,San Luis,1980-01-01,
74035,987,San Luis,1937-05-02,mariel_ra19@live.com.ar
74035,1827,San Luis,1934-04-18,evelynbcrr9@gmail.com
74035,3188,San Luis,1980-01-01,aguero_cnbp_vm3188@yahoo.com.ar
74035,3443,San Luis,1995-10-10,
74035,3487,San Luis,1980-01-01,
74035,3504,San Luis,1995-07-03,labibliopopular@yahoo.com.ar
74035,4215,San Luis,2007-11-15,graciela.elisa.alcaraz@gmail.com
74049,3284,San Luis,1980-01-01,micaelabeatriz@hotmail.com
74049,3350,San Luis,1994-05-21,
74049,608,San Luis,1915-05-23,bibliopop@live.com
74049,3056,San Luis,1992-09-08,poetaaguero@merlo_sl.com.ar
74049,3397,San Luis,1980-01-01,
74049,3594,San Luis,1980-01-01,bipa6@live.com.ar
74049,4369,San Luis,2017-02-18,bibliotecapopular.elfaro@gmail.com
74056,3396,San Luis,1980-01-01,
74056,3216,San Luis,1993-10-15,bibliourbanojnunez9@yahoo.com.ar
74056,3399,San Luis,1988-02-26,
74056,2639,San Luis,1954-08-19,bibliotecaisaacnewton@gmail.com
74056,3230,San Luis,1993-08-07,
74056,3242,San Luis,1993-10-13,bibliobornemann@gmail.com
74056,3488,San Luis,1995-11-03,
74056,4072,San Luis,1980-01-01,
74056,4186,San Luis,1980-01-01,biblioteborges@hotmail.com
74063,3430,San Luis,1980-01-01,bibliojuanpascualpringles2012@hotmail.com
74056,3358,San Luis,1980-01-01,
78014,3323,Santa Cruz,1994-06-20,bibliodelmirador@yahoo.com.ar
78014,3367,Santa Cruz,1980-01-01,
78014,3580,Santa Cruz,1980-01-01,
78014,3583,Santa Cruz,1980-01-01,
78014,4046,Santa Cruz,1999-05-29,biblocs@hotmail.com
78014,3500,Santa Cruz,1980-01-01,biblioaimepaine@hotmail.com
78014,1426,Santa Cruz,1927-03-08,
78021,1001,Santa Cruz,1959-09-13,
78021,3142,Santa Cruz,1980-01-01,
78021,3261,Santa Cruz,1994-04-18,
78021,3407,Santa Cruz,1994-08-31,
78021,3484,Santa Cruz,1980-01-01,biblioteca@riogallegos.gov.ar
78021,3524,Santa Cruz,1994-04-23,
78021,3527,Santa Cruz,1996-07-01,bibliokunfiquiros@yahoo.com
78021,3512,Santa Cruz,1980-01-01,
78028,4304,Santa Cruz,1988-03-05,biblioculturaelchalten@yahoo.com.ar
78035,3259,Santa Cruz,1980-01-01,biamigosdelsaber@yahoo.com.ar
78049,3556,Santa Cruz,1996-02-22,
78049,3567,Santa Cruz,1996-05-14,
82077,4227,Santa Fe,1980-01-01,
82077,490,Santa Fe,1980-01-01,biblioteca9dejulio@tostado.com.ar
82077,4361,Santa Fe,2014-10-01,
82007,1789,Santa Fe,1931-10-18,bpsarmientoarmstrong@yahoo.com.ar
82007,3163,Santa Fe,1969-12-26,bibliobouquet@hotmail.com
82007,2951,Santa Fe,1976-01-20,bibliotecajhernandez@arnet.com.ar
82007,2136,Santa Fe,1935-04-26,
82007,1936,Santa Fe,1934-08-12,bibliotecamdeoca@redcrs.com.ar
82007,1600,Santa Fe,1930-06-07,bibliotortugas@hotmail.com
82014,1599,Santa Fe,1932-03-15,bpmitrearequito@gmail.com
82014,2760,Santa Fe,1953-07-09,bibelateneo@gmail.com
82014,411,Santa Fe,1908-10-24,bibcasado@arnet.com.ar
82014,1138,Santa Fe,1917-04-19,
82014,2905,Santa Fe,1957-06-19,
82014,3007,Santa Fe,1980-06-15,
82014,2189,Santa Fe,1939-06-20,biblbelgrano@gmail.com
82014,1035,Santa Fe,1914-01-14,
82021,2601,Santa Fe,1953-04-04,bibliotecadeangelica@hotmail.com.ar
82021,4365,Santa Fe,2001-09-24,bp_arcoiris_bi@yahoo.com.ar
82021,3342,Santa Fe,1989-03-05,
82021,472,Santa Fe,1919-06-04,
82021,4316,Santa Fe,2013-03-20,bib-alfonsinastorni.cbicha@hotmail.com
82021,2722,Santa Fe,1957-10-14,
82021,3513,Santa Fe,1996-02-15,
82021,3238,Santa Fe,1993-01-29,
82021,1408,Santa Fe,1929-10-27,bpmoreno1408@yahoo.com.ar
82021,4337,Santa Fe,2010-06-24,bibliotecareinaudi@hotmail.com
82021,2997,Santa Fe,1974-10-20,bpmj@coopmj.com.ar
82021,2254,Santa Fe,1937-01-15,biblioteca_jmestrada@hotmail.com
82021,2927,Santa Fe,1939-04-01,biblioteca2927@yahoo.com.ar
82021,4291,Santa Fe,2010-12-01,bibliombrasca@hotmail.com
82021,2941,Santa Fe,1980-01-01,
82021,3986,Santa Fe,1925-12-27,bp.mm@hotmail.com
82021,1654,Santa Fe,1931-09-27,
82021,1188,Santa Fe,1998-02-20,
82021,935,Santa Fe,1922-08-04,
82028,1680,Santa Fe,1932-05-03,aropalo@yahoo.com.ar
82028,859,Santa Fe,1921-05-29,bibliotecabombal@bombal.net.ar
82028,4074,Santa Fe,1998-08-31,
82042,1116,Santa Fe,1925-08-25,
82028,3032,Santa Fe,1963-03-01,bibcervantes3032@yahoo.com.ar
82028,4045,Santa Fe,2000-10-12,
82028,475,Santa Fe,1918-03-10,
82028,424,Santa Fe,1918-02-10,bibliotecajbmolina@gmail.com
82028,1399,Santa Fe,1929-12-26,
82028,3678,Santa Fe,1996-10-20,
82028,479,Santa Fe,1917-07-04,bibliotecapeylsp@yahoo.com.ar
82028,481,Santa Fe,1920-10-12,bibliopeyrano@gmail.com
82028,2256,Santa Fe,1944-08-04,
82028,467,Santa Fe,1980-01-01,bpmanuelbelgrano@hotmail.com
82028,468,Santa Fe,,mariaperrissol@gmail.com
82028,1808,Santa Fe,1917-01-01,binioro@gmail.com
82035,1749,Santa Fe,1980-01-01,
82035,3957,Santa Fe,2000-07-31,bpdomingogsilva@yahoo.com.ar
82042,2945,Santa Fe,1925-05-25,biblio2945amenabar@hotmail.com
82042,1319,Santa Fe,1928-07-01,
82042,1952,Santa Fe,1937-06-13,biblioteca_chovet@hotmail.com
82042,1724,Santa Fe,1932-08-25,
82028,419,Santa Fe,1919-05-25,
82014,3447,Santa Fe,1963-07-05,bpsarmiento1963@gmail.com
82042,3029,Santa Fe,1975-12-01,bibliohug@gmail.com
82042,2942,Santa Fe,1976-06-20,bibliotecalugones@bombal.net.ar
82042,2276,Santa Fe,1945-09-02,
82042,2472,Santa Fe,1950-04-03,bibliomm@hotmail.com
82042,488,Santa Fe,1917-08-26,bibliopopular488@hotmail.com
82042,1175,Santa Fe,1913-05-01,bibliopoprmunijoseingenieros@gmail.com
82042,1994,Santa Fe,1938-04-15,
82042,2037,Santa Fe,1934-05-20,crycuniondelnorte@gmail.com
82042,1472,Santa Fe,1930-02-04,bibliosancti@coopsancti.com.ar
82042,2339,Santa Fe,1937-06-11,bibliorivadavia@hotmail.com
82028,2182,Santa Fe,1943-03-31,
82042,3426,Santa Fe,1992-06-06,
82042,469,Santa Fe,1930-01-01,biblioameghino@powervt.com.ar
82042,491,Santa Fe,1915-07-09,
82042,1582,Santa Fe,1931-10-15,aliciamargalida2002@yahoo.com.ar
82042,1024,Santa Fe,1924-07-09,
82042,2840,Santa Fe,1960-03-20,bp2840@bepe.ar
82049,2642,Santa Fe,1954-11-15,bibliopopularmmavellaneda@hotmail.com
82049,3603,Santa Fe,1996-01-16,
82049,4167,Santa Fe,1980-01-01,bibjuliomigno@hotmail.com
82049,3812,Santa Fe,1980-01-01,graciela_2102@hotmail.com
82049,4360,Santa Fe,2013-09-17,bibliotecafortinarenales@outlook.es
82049,4154,Santa Fe,1980-01-01,bp15dejunio@yahoo.com.ar
82049,2867,Santa Fe,1966-09-07,
82049,426,Santa Fe,1922-03-16,biblioteca@malabrigo.com
82049,1014,Santa Fe,1921-03-13,
82049,4009,Santa Fe,2000-10-30,
82049,3664,Santa Fe,1996-03-26,
82049,2012,Santa Fe,1980-01-01,biblio_marianomoreno@hotmail.com.ar
82049,4060,Santa Fe,1980-01-01,bibliovillaana_1994@hotmail.com
82049,3741,Santa Fe,1997-09-11,
82056,2208,Santa Fe,1936-04-04,biblioppizzurno@hotmail.com
82056,2883,Santa Fe,1970-06-08,biblioastorni@yahoo.com.ar
82056,414,Santa Fe,1920-04-22,biblioteca.br@gmail.com
82056,1145,Santa Fe,1924-07-19,
82056,2831,Santa Fe,1943-09-13,bibliosarmientoadeo@hotmail.com
82119,1041,Santa Fe,1924-08-03,c3biblpizzurno1@yahoo.com.ar
82056,2178,Santa Fe,1943-04-11,biblioteca_carrizales@hotmail.com
82056,3936,Santa Fe,1976-07-27,bibpcorrea@hotmail.com
82056,3817,Santa Fe,1980-01-01,
82056,2421,Santa Fe,1939-05-14,
82056,4070,Santa Fe,2002-06-15,giaconecarlos@yahoo.com.ar
82056,973,Santa Fe,1920-04-18,amigosdelabibliotecasarmiento@gmail.com
82056,2913,Santa Fe,1973-09-11,ccvigilveloisa@outlook.com
82063,3558,Santa Fe,1996-02-03,
82063,1771,Santa Fe,1929-01-01,
82063,1083,Santa Fe,1925-05-25,bibalberdilp@hotmail.com
82063,2384,Santa Fe,1945-11-23,
82063,463,Santa Fe,1918-07-20,dgsilva23@hotmail.com
82063,455,Santa Fe,1907-06-03,bibliomitre0455@yahoo.com.ar
82063,487,Santa Fe,1912-12-04,biblioteca_moreno@yahoo.com.ar
82063,1016,Santa Fe,1915-05-24,bibpop@santafe-conicet.gov.ar
82063,2123,Santa Fe,1939-10-30,bibliobrown@hotmail.com
82063,2331,Santa Fe,1947-11-23,bibmaestro@gmail.com
82063,2444,Santa Fe,1943-12-08,centro.espaniolbp.santafe@gmail.com
82063,2611,Santa Fe,1942-12-29,bibliotecambooz@gmail.com
82063,2772,Santa Fe,1929-06-25,bpizzurnosfe@hotmail.com
82063,3639,Santa Fe,1980-01-01,
82063,3934,Santa Fe,1976-06-15,bibliotecabica@gmail.com
82063,4276,Santa Fe,2006-09-23,
82063,4301,Santa Fe,2010-02-12,bibliotecapopularosvaldobayer@yahoo.com.ar
82063,4302,Santa Fe,2009-03-02,bibliotecapopularsantafesina@hotmail.com
82063,4308,Santa Fe,2010-06-24,juglaressinfrontera@gmail.com
82063,4330,Santa Fe,2013-06-15,biblioamilcarrenna@gmail.com
82063,4391,Santa Fe,2022-06-21,
82063,2698,Santa Fe,1980-01-01,
82070,2885,Santa Fe,1969-03-15,jbalberdi@educ.ar
82070,1144,Santa Fe,1926-04-10,bibliopopular@hotmail.com
82070,945,Santa Fe,1922-05-25,bibliohumboldt@arnet.com.ar
82070,2207,Santa Fe,1943-11-13,biblioteca.jbalberdi@hotmail.com
82070,4381,Santa Fe,2018-06-11,josehernandezbibliotecapopular@gmail.com
82070,4206,Santa Fe,1980-01-01,bibliotecagunziger@hotmail.com
82070,4298,Santa Fe,2010-04-23,bibliotecapopularnuevotorino@gmail.com
82070,3873,Santa Fe,1998-03-12,bibliote@pilar-sfe.com.ar
82070,4226,Santa Fe,2003-07-28,bibliotecapopularmed@hotmail.com
82070,4379,Santa Fe,2018-11-08,bibpop.angelaperaltapino@hotmail.com
82070,4234,Santa Fe,2006-09-01,comunasape@yahoo.com.ar
82070,461,Santa Fe,1911-08-06,
82070,4377,Santa Fe,2008-02-18,
82070,462,Santa Fe,,bibliogkellerscs@hotmail.com
82070,3978,Santa Fe,2000-10-30,bibliotecammsjn@hotmail.com
82070,2811,Santa Fe,1935-07-19,bibliosantodomingo@gmail.com
82070,2110,Santa Fe,1942-02-19,
82084,1800,Santa Fe,1932-02-28,bibliotecajmalet@gmail.com
82084,470,Santa Fe,1917-10-12,bibliocgspano@msn.com
82084,1265,Santa Fe,1980-01-01,biblioteca25demayo@gmail.com
82084,430,Santa Fe,1918-07-09,
82084,416,Santa Fe,1919-06-08,
82084,3898,Santa Fe,2000-07-20,bpelbuensaber2004@yahoo.com.ar
82084,4147,Santa Fe,1980-01-01,
82084,4220,Santa Fe,2007-12-06,bibliotecajuliomigno@hotmail.com
82084,440,Santa Fe,,
82084,442,Santa Fe,,
82084,483,Santa Fe,1911-01-06,bibpopee@yahoo.com.ar
82084,982,Santa Fe,1922-12-24,bibliotecaamoralestudio@hotmail.com
82084,1063,Santa Fe,1922-04-05,
82084,1093,Santa Fe,1925-01-01,bibaristobulo@yahoo.com.ar
82084,1259,Santa Fe,1927-08-04,
82084,1947,Santa Fe,1926-01-26,
82084,1989,Santa Fe,1936-12-27,
82084,2004,Santa Fe,1935-05-25,bibliotecaalberdi@hotmail.com
82084,2005,Santa Fe,1936-08-18,bibliohomero@hotmail.com
82084,2094,Santa Fe,1928-12-09,bibpopfherrera@yahoo.com.ar
82084,2237,Santa Fe,1942-11-07,
82084,2449,Santa Fe,1910-09-07,biblarg@rosario.gov.ar
82084,2690,Santa Fe,1944-07-08,bpccvigil@gmail.com
82084,2876,Santa Fe,1904-11-01,
82084,3006,Santa Fe,1979-09-02,bpmorenorosario@hotmail.com.ar
82084,3199,Santa Fe,1990-05-15,bibalfonsina@gmail.com
82084,3528,Santa Fe,1976-11-06,bibliolaflorida@yahoo.com.ar
82084,3710,Santa Fe,1998-02-02,
82084,3869,Santa Fe,1980-01-01,bibliorfontanarrosa@hotmail.com
82084,3907,Santa Fe,2000-08-20,bibliocachilo@gmail.com
82084,3971,Santa Fe,1993-11-12,
82084,3980,Santa Fe,2000-11-14,bibliotecaamaprosario@gmail.com
82084,4012,Santa Fe,2001-03-21,
82084,4082,Santa Fe,2002-11-30,bpgastongori@hotmail.com
82084,4114,Santa Fe,2002-10-18,
82084,4191,Santa Fe,1980-01-01,nogaralito@hotmail.com
82084,4257,Santa Fe,2006-08-30,
82084,3923,Santa Fe,2000-03-26,bpedronisoldini@yahoo.com.ar
82084,3892,Santa Fe,1995-10-15,bibliotecauranga@hotmail.com
82091,3820,Santa Fe,1998-09-01,
82091,3911,Santa Fe,2000-08-15,masosa@cooparrufo.com.ar
82091,413,Santa Fe,1910-12-10,gorositodaniela@hotmail.com
82091,4321,Santa Fe,2012-10-16,
82091,4397,Santa Fe,2022-08-23,cr19.biblioteca@gmail.com
82091,2187,Santa Fe,1935-06-08,bibpopalberdi@yahoo.com.ar
82091,427,Santa Fe,1913-03-10,
82091,460,Santa Fe,1910-12-03,bibliotecapop_sancristobal@hotmail.com
82091,2655,Santa Fe,1954-06-20,
82091,1924,Santa Fe,1933-12-19,bpsarmiento.suardi@gmail.com
82091,3948,Santa Fe,2000-03-27,biblioalas@vtcc.com.ar
82098,4157,Santa Fe,1980-01-01,compartir-08@hotmail.com
82098,3155,Santa Fe,1981-06-06,bpd@romang.trcnet.com.ar
82098,4038,Santa Fe,1983-11-07,bibliojmigno@yahoo.com.ar
82105,906,Santa Fe,1922-02-20,
82105,417,Santa Fe,1912-10-01,
82105,4356,Santa Fe,2014-06-17,bibliotecap_loslibrosyelrio@outlook.com.ar
82105,4282,Santa Fe,2011-05-10,bpcdiaz@hotmail.com
82105,420,Santa Fe,1905-02-21,bibliotecagalvez@cablenet.com.ar
82105,476,Santa Fe,1919-10-19,biblalcacer@hotmail.com
82105,466,Santa Fe,1918-08-25,
82112,925,Santa Fe,1922-07-15,bibliotecagcrespo@hotmail.com.ar
82112,4068,Santa Fe,2002-12-18,bibliolacriolla@gcrespo.com.ar
82112,1135,Santa Fe,1922-07-15,
82112,991,Santa Fe,1919-11-25,biblioteca@sanjustosf.com.ar
82112,3977,Santa Fe,2000-10-03,normagcarena@hotmail.com
82112,4353,Santa Fe,2006-07-11,videlac.cultural@gmail.com
82021,3635,Santa Fe,1980-01-01,
82119,3570,Santa Fe,1977-10-10,bibcb@hotmail.com
82119,1152,Santa Fe,1917-09-30,bibliotecasarmiento@arnet.com.ar
82119,2038,Santa Fe,1939-05-30,bibliotecapopular.almafuerte@gmail.com
82119,429,Santa Fe,1920-11-14,
82119,3538,Santa Fe,1980-01-01,
82119,489,Santa Fe,1918-04-28,
82126,1119,Santa Fe,1924-08-05,bibliotecacdarosquin@velosat.com.ar
82126,473,Santa Fe,1917-12-17,bibliomarmol@live.com
82126,985,Santa Fe,1924-05-25,bmitre24@yahoo.com.ar
82126,3365,Santa Fe,2005-06-22,bibliopiccolo@eltrebol.gov.ar
82126,3013,Santa Fe,1979-09-18,bibliotecapopulardelandeta@gmail.com
82126,2946,Santa Fe,1975-09-04,
82126,4223,Santa Fe,2008-04-16,bpalejandria@outlook.com
82126,2631,Santa Fe,1932-07-15,
82126,1970,Santa Fe,1937-04-29,bpsm1970@gmail.com
82126,1395,Santa Fe,1929-05-01,
82126,1838,Santa Fe,1934-08-19,bpsme@sme.com.ar
82126,876,Santa Fe,1919-06-02,bipsm@sme.com.ar
82021,4029,Santa Fe,1980-01-01,bibjhernandez4029@yahoo.com.ar
82070,4015,Santa Fe,2002-09-14,bibliopopularfelicia@outlook.com
82105,4011,Santa Fe,2000-07-27,
82063,4044,Santa Fe,1980-01-01,
82014,4174,Santa Fe,2004-09-24,bibpopmarianomoreno@yahoo.com.ar
82133,4198,Santa Fe,1980-01-01,bibliotecaangelmedina@hotmail.com
82133,3451,Santa Fe,1980-01-01,
82133,4233,Santa Fe,2008-04-25,
82133,3030,Santa Fe,1980-01-01,garabato@trcnet.com.ar
82133,3390,Santa Fe,1995-05-23,bptanino@csdnet.com.ar
82133,3379,Santa Fe,1994-12-02,biblioteca@cosemar.com.ar
82133,4231,Santa Fe,2007-11-16,
82133,422,Santa Fe,1907-05-01,
86049,4209,Santiago del Estero,2008-04-21,
86014,3975,Santiago del Estero,1997-09-16,
86021,3699,Santiago del Estero,1980-01-01,
86028,615,Santiago del Estero,1916-06-09,
86028,3703,Santiago del Estero,1980-01-01,bpnassif@hotmail.com
86028,4323,Santiago del Estero,2012-06-13,
86035,624,Santiago del Estero,1929-05-25,
86035,619,Santiago del Estero,1910-05-25,
86035,1264,Santiago del Estero,1927-06-24,
86035,2311,Santiago del Estero,1945-08-03,
86035,2456,Santiago del Estero,1946-08-04,
86035,2763,Santiago del Estero,1940-06-15,bibliotecapopularconradojuarez@hotmail.com
86035,3123,Santiago del Estero,1966-05-26,bpcarlospellegrini@live.com.ar
86035,3174,Santiago del Estero,1987-08-17,bibliotecadbravo@hotmail.com
86035,3192,Santiago del Estero,1992-07-19,
86035,3274,Santiago del Estero,1994-05-31,bpsanmartinlabanda@hotmail.com.ar
86035,3827,Santiago del Estero,1980-01-01,bibpopriodulce@hotmail.com
86035,4089,Santiago del Estero,1980-01-01,mishquila8@hotmail.com
86035,4091,Santiago del Estero,2001-06-16,
86042,2252,Santiago del Estero,1943-07-04,bpbelgrano2252_bandera@hotmail.com
86049,3115,Santiago del Estero,1942-11-15,
86049,621,Santiago del Estero,,bibliotecasociedadsarmiento@hotmail.com
86049,1007,Santiago del Estero,1980-01-01,
86049,1081,Santiago del Estero,1925-05-30,
86049,1204,Santiago del Estero,1926-11-15,bpaalvarez@hotmail.com
86049,1662,Santiago del Estero,1930-04-20,bibliounzaga@yahoo.es
86049,1665,Santiago del Estero,1927-07-14,
86049,2084,Santiago del Estero,1938-11-16,bibliotecarrojas@gmail.com
86049,2262,Santiago del Estero,1942-06-08,
86049,2578,Santiago del Estero,1940-08-24,
86049,3122,Santiago del Estero,1933-06-22,bpe_echeverria@hotmail.com
86049,3124,Santiago del Estero,1980-01-01,
86049,3164,Santiago del Estero,1988-10-09,
86049,3428,Santiago del Estero,1980-01-01,
86049,3489,Santiago del Estero,1980-01-01,
86049,3496,Santiago del Estero,1980-01-01,bpclubdemaestros@hotmail.com
86049,3533,Santiago del Estero,1980-01-01,
86049,3566,Santiago del Estero,1996-07-19,bibliosigloveintiuno@hotmail.com
86049,3920,Santiago del Estero,1980-01-01,
86049,4057,Santiago del Estero,1936-08-16,biblioteca_marmol@hotmail.com
86049,4059,Santiago del Estero,2000-08-16,
86049,4067,Santiago del Estero,2001-06-22,
86049,4200,Santiago del Estero,1980-01-01,bp.canal-feijot-sgo@hotmail.es
86049,4225,Santiago del Estero,1980-01-01,
86049,4358,Santiago del Estero,2003-11-21,bibliotecashun.16@gmail.com
86063,616,Santiago del Estero,1908-10-11,
86063,4190,Santiago del Estero,1980-01-01,
86126,3562,Santiago del Estero,1980-01-01,
86056,3927,Santiago del Estero,2001-04-01,
86077,612,Santiago del Estero,1919-10-12,pedrourquizanqn@hotmail.com
86077,1179,Santiago del Estero,1922-07-01,bibsarmientoanatuya@hotmail.com
86077,4025,Santiago del Estero,2001-11-29,
86091,4253,Santiago del Estero,2009-06-11,bpmarianomorenoph@gmail.com
86098,3598,Santiago del Estero,1980-01-01,
86105,3816,Santiago del Estero,1999-08-31,bibliotecaeduardomiguel@hotmail.com
86126,3694,Santiago del Estero,1980-01-01,
86056,4107,Santiago del Estero,2003-12-12,
86140,3335,Santiago del Estero,1992-10-27,
86147,1863,Santiago del Estero,1980-01-01,
86147,2813,Santiago del Estero,1962-12-01,
86147,2854,Santiago del Estero,1964-11-27,
86147,1497,Santiago del Estero,1917-10-06,juanaro66@hotmail.com
86154,3893,Santiago del Estero,1997-08-11,
86161,4328,Santiago del Estero,2012-10-12,bibliotecaelalgarrobal@gmail.com
86161,1361,Santiago del Estero,1928-01-02,
86161,2108,Santiago del Estero,1917-12-07,
86161,3370,Santiago del Estero,1992-05-22,
94007,2597,Tierra del Fuego,1953-04-08,bibliotecaeduardoschmidt@hotmail.com.ar
94007,3239,Tierra del Fuego,1993-07-31,bibliotecaij@hotmail.com
94007,3252,Tierra del Fuego,1992-08-10,
94007,3340,Tierra del Fuego,1980-01-01,bibliotecakaukren@hotmail.com
94007,3951,Tierra del Fuego,2001-02-15,nuestra_biblioteca@hotmail.com
94007,4150,Tierra del Fuego,1980-01-01,bplmp@hotmail.com
94007,3540,Tierra del Fuego,1980-01-01,
94014,1180,Tierra del Fuego,1926-11-08,
94014,3422,Tierra del Fuego,1994-12-12,
90084,4386,Tucumán,2022-03-04,patriagrandebp@gmail.com
90084,644,Tucumán,1903-06-26,bipopalberdi100@hotmail.com
90084,645,Tucumán,1905-07-18,
90084,1489,Tucumán,1929-02-02,
90084,1851,Tucumán,1934-09-24,
90084,2032,Tucumán,1927-04-17,
90084,2130,Tucumán,1935-06-09,
90084,3120,Tucumán,1947-12-05,
90084,4050,Tucumán,2001-07-19,bibliosaberciudadano@hotmail.com
90084,4333,Tucumán,2011-11-08,bpob.osvaldobayer@gmail.com
90014,3539,Tucumán,1988-05-05,biblugones@hotmail.com
90014,3989,Tucumán,1980-01-01,
90014,3119,Tucumán,1980-01-01,bp_juanpablo2tuc@hotmail.com
90014,908,Tucumán,1920-05-16,
90028,1611,Tucumán,1932-03-23,
90028,4320,Tucumán,2012-04-25,
90035,640,Tucumán,1921-10-12,
90042,652,Tucumán,1912-06-02,
90049,2356,Tucumán,1909-07-09,
90056,3532,Tucumán,1995-12-02,bibliopadresaravia@gmail.com
90056,2260,Tucumán,1917-08-30,
90056,661,Tucumán,1926-09-12,
90070,642,Tucumán,1906-07-19,sociedadybibliotecamitre@yahoo.com.ar
90070,2418,Tucumán,1949-06-22,bibliotecaluisabuffodeferro@yahoo.com.ar
90070,3116,Tucumán,1987-12-13,biblioarancibia@hotmail.com
90070,1799,Tucumán,1929-06-02,bpcnv@yahoo.com.ar
90070,4303,Tucumán,2012-03-21,
90077,634,Tucumán,1911-02-10,
90077,3077,Tucumán,1972-02-20,
90021,635,Tucumán,1980-01-01,
90112,651,Tucumán,1912-11-20,
90098,3291,Tucumán,1909-04-01,
90098,3159,Tucumán,1980-01-01,
90105,1170,Tucumán,1923-05-17,
90105,1658,Tucumán,1928-09-15,
90105,2015,Tucumán,1935-05-05,
90105,2814,Tucumán,1959-11-04,
90119,4158,Tucumán,1980-01-01,bibliolaranda@yahoo.com.ar
